id,userName,fullName,profilePicUrl,isVerified
56767758024,legacy.school_confessions,Legacy School Bangalore | Confessions,https://instagram.fblr24-2.fna.fbcdn.net/v/t51.2885-19/318183649_170075375658465_3224492331563730758_n.jpg?stp=dst-jpg_s150x150&_nc_ht=instagram.fblr24-2.fna.fbcdn.net&_nc_cat=109&_nc_ohc=gq66tQ2Sh_0AX_iCZH2&edm=AOG-cTkBAAAA&ccb=7-5&oh=00_AfCvGh4cem7vMYRlwPX_MlcoSLowU2C0m6QTZ921dUF2Lw&oe=63949EC9&_nc_sid=282b66,false
44185619381,godrinksomeglucond,Deshdesh üòºüíï,https://instagram.fblr24-2.fna.fbcdn.net/v/t51.2885-19/312451310_129368016564080_6113521591010290920_n.jpg?stp=dst-jpg_s150x150&_nc_ht=instagram.fblr24-2.fna.fbcdn.net&_nc_cat=108&_nc_ohc=ntrlS8CqZn4AX_FG9_D&edm=AOG-cTkBAAAA&ccb=7-5&oh=00_AfC4_dbyLERD1qOsV2d7uxwPA5zvSHLTHe1k1-ovyor54w&oe=63943C13&_nc_sid=282b66,false
49747117049,_a_4_a_v_,ùíúùìáùí∂ùìã,https://instagram.fblr24-1.fna.fbcdn.net/v/t51.2885-19/318218891_849915513098896_8734560095447331225_n.jpg?stp=dst-jpg_s150x150&_nc_ht=instagram.fblr24-1.fna.fbcdn.net&_nc_cat=104&_nc_ohc=c-6JQ19PVpwAX8fcTQy&edm=AOG-cTkBAAAA&ccb=7-5&oh=00_AfAl7W6GLbGRFSw41c3eeXDI7g6mJGfrRgpYoLKbkuwwfA&oe=6394C0FA&_nc_sid=282b66,false
46528136356,kauzqu,yen üí¥,https://instagram.fblr24-1.fna.fbcdn.net/v/t51.2885-19/317222174_176629198303296_6471066529285264664_n.jpg?stp=dst-jpg_s150x150&_nc_ht=instagram.fblr24-1.fna.fbcdn.net&_nc_cat=100&_nc_ohc=45nfMmhO6kcAX_7NcFo&edm=AOG-cTkBAAAA&ccb=7-5&oh=00_AfDUOqLln5YBR79BXUqL1Tew4fz0T-LXZe5naUkL8WhWDg&oe=63932FA1&_nc_sid=282b66,false
44751687403,defnotariiiiiii,ari.,https://instagram.fblr24-1.fna.fbcdn.net/v/t51.2885-19/317859750_675607524228216_3098012555512017346_n.jpg?stp=dst-jpg_s150x150&_nc_ht=instagram.fblr24-1.fna.fbcdn.net&_nc_cat=100&_nc_ohc=ysk_kweqJNgAX-mAMgg&tn=XJXMlLSQOJi2aAh6&edm=AOG-cTkBAAAA&ccb=7-5&oh=00_AfAR8Ivv1fFD7YYPVHDHCY0wYBGCtZXXXA05sPrfBCSRng&oe=6394D43B&_nc_sid=282b66,false
53548158058,defnotmishiiiiiii,mishita.,https://instagram.fblr24-1.fna.fbcdn.net/v/t51.2885-19/317867959_880752336622145_9037166054737759789_n.jpg?stp=dst-jpg_s150x150&_nc_ht=instagram.fblr24-1.fna.fbcdn.net&_nc_cat=105&_nc_ohc=mm3IRN8ogIkAX9Q03UG&edm=AOG-cTkBAAAA&ccb=7-5&oh=00_AfDEzdGs1DOVEyMQSN1xH8wXrPn0fIUBX3BN3AaM7UGIpw&oe=6394B8BE&_nc_sid=282b66,false
56622760034,tarinik_911,Tarini.S,https://instagram.fblr24-1.fna.fbcdn.net/v/t51.2885-19/317487237_498695672051044_5987184295387796336_n.jpg?stp=dst-jpg_s150x150&_nc_ht=instagram.fblr24-1.fna.fbcdn.net&_nc_cat=104&_nc_ohc=QQVgg-9V3TQAX_unnLY&edm=AOG-cTkBAAAA&ccb=7-5&oh=00_AfAGMtZR4ivPPZ41CR8CVfeewk3Rq7NMOVburPh1AncBeQ&oe=6394BE4D&_nc_sid=282b66,false
12644583630,iamshreyaz_xx,ùôéùôùùôßùôöùôÆùôñùô®üé≠,https://instagram.fblr24-1.fna.fbcdn.net/v/t51.2885-19/275754186_1331051230730546_3977834488942927145_n.jpg?stp=dst-jpg_s150x150&_nc_ht=instagram.fblr24-1.fna.fbcdn.net&_nc_cat=102&_nc_ohc=4j3LXmJJvusAX9PULid&edm=AOG-cTkBAAAA&ccb=7-5&oh=00_AfDoiSQ6KqWP29Xt-ZcwN7jF2BnWL6KKAkrjKPTPcm0_aQ&oe=6393646E&_nc_sid=282b66,false
48844813014,cheshtamakhija,cheshta,https://instagram.fblr24-1.fna.fbcdn.net/v/t51.2885-19/316370099_147566911351587_9044604822354727870_n.jpg?stp=dst-jpg_s150x150&_nc_ht=instagram.fblr24-1.fna.fbcdn.net&_nc_cat=103&_nc_ohc=PagyBiIt4wkAX-3TvhV&edm=AOG-cTkBAAAA&ccb=7-5&oh=00_AfAo_3VSXxf8rxs1TUZkd8zv5ikcSVEChPHM5DTy2eAIFg&oe=6393A811&_nc_sid=282b66,false
56665509069,ruddruu1938,,https://instagram.fblr24-1.fna.fbcdn.net/v/t51.2885-19/315311784_687660239593083_459515715948524431_n.jpg?stp=dst-jpg_s150x150&_nc_ht=instagram.fblr24-1.fna.fbcdn.net&_nc_cat=103&_nc_ohc=neVlVXdKfFgAX87EnWx&tn=XJXMlLSQOJi2aAh6&edm=AOG-cTkBAAAA&ccb=7-5&oh=00_AfANsk6GDBWB5t2Fmha3t2chGZxFyvsOADltBoHgXLLfRw&oe=63932029&_nc_sid=282b66,false
49526943863,notsxmfr,s,https://instagram.fblr24-1.fna.fbcdn.net/v/t51.2885-19/311974771_194240476324182_180098966591263301_n.jpg?stp=dst-jpg_s150x150&_nc_ht=instagram.fblr24-1.fna.fbcdn.net&_nc_cat=106&_nc_ohc=41pQml63X04AX95YIeb&edm=AOG-cTkBAAAA&ccb=7-5&oh=00_AfBdestpoepqSjkgAEkXlvwq9JHd9kNW1ki3bVTZoGlZJw&oe=639407F7&_nc_sid=282b66,false
55040985506,anikesh_spam,,https://instagram.fblr24-1.fna.fbcdn.net/v/t51.2885-19/315638868_192887699920911_6122470175574132448_n.jpg?stp=dst-jpg_s150x150&_nc_ht=instagram.fblr24-1.fna.fbcdn.net&_nc_cat=103&_nc_ohc=EbmuQmCR548AX_HS3RO&edm=AOG-cTkBAAAA&ccb=7-5&oh=00_AfCMgMepW8vQtW6EVnt927dc_VfRp56P3yMaWYrZreEiTQ&oe=6393BDC4&_nc_sid=282b66,false
50648169575,usernmaerfih,David,https://instagram.fblr24-1.fna.fbcdn.net/v/t51.2885-19/313005566_848222299927627_6896941029268239059_n.jpg?stp=dst-jpg_s150x150&_nc_ht=instagram.fblr24-1.fna.fbcdn.net&_nc_cat=107&_nc_ohc=s6K80d3J2r8AX9pyOc9&tn=XJXMlLSQOJi2aAh6&edm=AOG-cTkBAAAA&ccb=7-5&oh=00_AfBlNWTMZ22XDAxNAOTDkom48p3nUHvPga00q-dFnjH3eg&oe=63949527&_nc_sid=282b66,false
53927931048,shub._priv,shub,https://instagram.fblr24-1.fna.fbcdn.net/v/t51.2885-19/292165345_182652750799082_907559861081354310_n.jpg?stp=dst-jpg_s150x150&_nc_ht=instagram.fblr24-1.fna.fbcdn.net&_nc_cat=102&_nc_ohc=yOQUy545sVcAX-V3y4V&edm=AOG-cTkBAAAA&ccb=7-5&oh=00_AfDCA7saEycXhQfh8zSl-Cu1IhyhsY9iZS00VH7F5vLO0Q&oe=6394AEA5&_nc_sid=282b66,false
47594227349,shubb__.parihar,Shubhangi,https://instagram.fblr24-1.fna.fbcdn.net/v/t51.2885-19/305566172_412335741008979_6536811073764343261_n.jpg?stp=dst-jpg_s150x150&_nc_ht=instagram.fblr24-1.fna.fbcdn.net&_nc_cat=103&_nc_ohc=W_rNMi7GSvwAX969PpA&edm=AOG-cTkBAAAA&ccb=7-5&oh=00_AfBa1hSbOFff9nW-W_MbWw3A-EVKRqPXoNb1SlWtlRFptA&oe=63936418&_nc_sid=282b66,false
2242686246,spoo.reddy,Spoorti Reddy,https://instagram.fblr24-2.fna.fbcdn.net/v/t51.2885-19/317955190_547275716830917_5461670458751015672_n.jpg?stp=dst-jpg_s150x150&_nc_ht=instagram.fblr24-2.fna.fbcdn.net&_nc_cat=109&_nc_ohc=LpU7pwpwRpMAX8rL_xR&tn=XJXMlLSQOJi2aAh6&edm=AOG-cTkBAAAA&ccb=7-5&oh=00_AfDQPBV4EkA9zMN7CDLmM1QmlV6C4tjPiQgRsor5_wKjhw&oe=6393F85C&_nc_sid=282b66,false
56017532269,natasha_romanovaaaaaaaaaa,natu,https://instagram.fblr24-1.fna.fbcdn.net/v/t51.2885-19/312610572_5506839206095225_6933144021642635499_n.jpg?stp=dst-jpg_s150x150&_nc_ht=instagram.fblr24-1.fna.fbcdn.net&_nc_cat=101&_nc_ohc=vbBAHlV-ezEAX_1DOS6&edm=AOG-cTkBAAAA&ccb=7-5&oh=00_AfDxq69yjdWOZav4rAgYVf8vQZcQniCtS8eRX0Q2dm-Z6g&oe=6393EC4F&_nc_sid=282b66,false
45457011522,advait_nayak,Advait,https://instagram.fblr24-1.fna.fbcdn.net/v/t51.2885-19/312653472_146941988053181_244572766426840751_n.jpg?stp=dst-jpg_s150x150&_nc_ht=instagram.fblr24-1.fna.fbcdn.net&_nc_cat=105&_nc_ohc=-uDy9qBPRTwAX-LffOQ&edm=AOG-cTkBAAAA&ccb=7-5&oh=00_AfBgvmCduwWcupaJ2yHzAIYOseXRY-um0VtDquTm_dh13g&oe=63935B0E&_nc_sid=282b66,false
8450260403,dhruv_18oo,Dh–Ø–¶V‚òÅÔ∏è,https://instagram.fblr24-2.fna.fbcdn.net/v/t51.2885-19/311268155_1199192420661058_1077229923079873400_n.jpg?stp=dst-jpg_s150x150&_nc_ht=instagram.fblr24-2.fna.fbcdn.net&_nc_cat=110&_nc_ohc=M-XU8FlnzhsAX_c4EqM&tn=XJXMlLSQOJi2aAh6&edm=AOG-cTkBAAAA&ccb=7-5&oh=00_AfBP4uBZvM9qDgUuzB7J5cDMil8LPoQsTrQJGDWTKk4z-g&oe=639396EF&_nc_sid=282b66,false
4760305186,christopher_na10,Nathan,https://instagram.fblr24-1.fna.fbcdn.net/v/t51.2885-19/310607381_780668906348377_5294858797383728232_n.jpg?stp=dst-jpg_s150x150&_nc_ht=instagram.fblr24-1.fna.fbcdn.net&_nc_cat=101&_nc_ohc=J3InkU7TreAAX9nyXG9&edm=AOG-cTkBAAAA&ccb=7-5&oh=00_AfDEEWVaKvG4fNxW0ud65SswCiqEMVarl1SRA0PSUSvDfQ&oe=6393D46D&_nc_sid=282b66,false
45475629129,its.anwita,Anwita kumble,https://instagram.fblr24-1.fna.fbcdn.net/v/t51.2885-19/314920593_3580420088848386_8857453827903923472_n.jpg?stp=dst-jpg_s150x150&_nc_ht=instagram.fblr24-1.fna.fbcdn.net&_nc_cat=106&_nc_ohc=UEM2soUePtQAX_3-D2X&edm=AOG-cTkBAAAA&ccb=7-5&oh=00_AfAYWYnocl_9awHsl7dgCOQ1iU5MM9cmFK94SzLxpPSlng&oe=6394DDA5&_nc_sid=282b66,false
55802529136,yoonji4u,poo,https://instagram.fblr24-1.fna.fbcdn.net/v/t51.2885-19/317862992_528926419251985_2123082794431760743_n.jpg?stp=dst-jpg_s150x150&_nc_ht=instagram.fblr24-1.fna.fbcdn.net&_nc_cat=101&_nc_ohc=0fZ-ainvOkkAX_ZAUnP&edm=AOG-cTkBAAAA&ccb=7-5&oh=00_AfBAWlg43uhY1dnjm9ApMob8ItYZU6G0GLOtTlXK2iUXKg&oe=63933E98&_nc_sid=282b66,false
45428442186,sarah20singh,Sarah Singh,https://instagram.fblr24-1.fna.fbcdn.net/v/t51.2885-19/314872425_791608228574609_3285366711786279831_n.jpg?stp=dst-jpg_s150x150&_nc_ht=instagram.fblr24-1.fna.fbcdn.net&_nc_cat=105&_nc_ohc=kMozmZ4-fnQAX9ibKZU&edm=AOG-cTkBAAAA&ccb=7-5&oh=00_AfDBUos3T6FCgq26dzAsUMJtz_nDp-w14JolgU5xXLXHAw&oe=63950146&_nc_sid=282b66,false
48676534962,ananya_0308_,Ananya,https://instagram.fblr24-1.fna.fbcdn.net/v/t51.2885-19/312442246_2009618482569940_6361670758907678840_n.jpg?stp=dst-jpg_s150x150&_nc_ht=instagram.fblr24-1.fna.fbcdn.net&_nc_cat=104&_nc_ohc=BVuJV95c43MAX9LHmic&tn=XJXMlLSQOJi2aAh6&edm=AOG-cTkBAAAA&ccb=7-5&oh=00_AfC2c6krseZmbEgPUoJ-nYIrQrfSY5nWjtVIet2EtjOo3w&oe=63938231&_nc_sid=282b66,false
55947234078,ksithi_n_,Ksithi Nikhil,https://instagram.fblr24-1.fna.fbcdn.net/v/t51.2885-19/310140522_3240854449513645_939269192552833928_n.jpg?stp=dst-jpg_s150x150&_nc_ht=instagram.fblr24-1.fna.fbcdn.net&_nc_cat=101&_nc_ohc=Kptu73EVOAwAX9nlaju&edm=AOG-cTkBAAAA&ccb=7-5&oh=00_AfACb7u319UYSg3-vt7dIq2rMS9vnmpJ6bexj0vbsFavVg&oe=63941505&_nc_sid=282b66,false
55524919819,dhruthi.ram,dhruthi,https://instagram.fblr24-1.fna.fbcdn.net/v/t51.2885-19/318014652_882132079455565_1864381121468531354_n.jpg?stp=dst-jpg_s150x150&_nc_ht=instagram.fblr24-1.fna.fbcdn.net&_nc_cat=101&_nc_ohc=301Q7O976r0AX-ir6GC&edm=AOG-cTkBAAAA&ccb=7-5&oh=00_AfCX-zn8v8bTcJW6y0nQYp5OuF6jwNVnS6u5fHCdcn7gzg&oe=6393BD7B&_nc_sid=282b66,false
55504516933,adi.tyaexe,aditya üíÄ,https://instagram.fdel1-4.fna.fbcdn.net/v/t51.2885-19/44884218_345707102882519_2446069589734326272_n.jpg?efg=eyJybWQiOiJpZ19hbmRyb2lkX21vYmlsZV9uZXR3b3JrX3N0YWNrX25vX2Ruc19jYWNoZTpjb250cm9sIn0&_nc_ht=instagram.fdel1-4.fna.fbcdn.net&_nc_cat=1&_nc_ohc=uM88MCE8Dx4AX84_MV8&edm=AI8ESKwBAAAA&ccb=7-5&ig_cache_key=YW5vbnltb3VzX3Byb2ZpbGVfcGlj.2-ccb7-5&oh=00_AfAbpvhjU-L-XEXwgTUXdxmUiwmcFDH5WOAsj9v879iz7g&oe=6394944F&_nc_sid=195af5,false
52175845645,hiya_0703,Hiya Manchanda,https://instagram.fblr24-2.fna.fbcdn.net/v/t51.2885-19/299189018_768342431176124_5660118659275201025_n.jpg?stp=dst-jpg_s150x150&_nc_ht=instagram.fblr24-2.fna.fbcdn.net&_nc_cat=108&_nc_ohc=H7-J5mkap4sAX97nXZZ&tn=XJXMlLSQOJi2aAh6&edm=AOG-cTkBAAAA&ccb=7-5&oh=00_AfDI7W4REN5c4Bdrs1SW65WdnySj4hG8UfYEbhna7HldfA&oe=63944769&_nc_sid=282b66,false
40259364427,saotomence_,soya_bean,https://instagram.fblr24-1.fna.fbcdn.net/v/t51.2885-19/311875574_1741342092900471_6626360019701956746_n.jpg?stp=dst-jpg_s150x150&_nc_ht=instagram.fblr24-1.fna.fbcdn.net&_nc_cat=103&_nc_ohc=blCDLtoz7tkAX-U6mR2&edm=AOG-cTkBAAAA&ccb=7-5&oh=00_AfAbBWZ6jZ9PO87DeptOIZHEtqn_z1JeS0fJKODI9CBVZA&oe=63930BCE&_nc_sid=282b66,false
14468590036,yash_bh83,Yash,https://instagram.fblr24-2.fna.fbcdn.net/v/t51.2885-19/316818611_1827699800915624_4307096797654930516_n.jpg?stp=dst-jpg_s150x150&_nc_ht=instagram.fblr24-2.fna.fbcdn.net&_nc_cat=108&_nc_ohc=ZFBfSdNDImAAX-gpUt5&edm=AOG-cTkBAAAA&ccb=7-5&oh=00_AfDaZFy6uJMtG6XojB1KpVyd-S1_VIA0lNL3PlpLgAI-pw&oe=63931D14&_nc_sid=282b66,false
24798877974,s1ddrx,sidd,https://instagram.fblr24-1.fna.fbcdn.net/v/t51.2885-19/317119868_204040645408048_6822714562330874681_n.jpg?stp=dst-jpg_s150x150&_nc_ht=instagram.fblr24-1.fna.fbcdn.net&_nc_cat=104&_nc_ohc=sBuB1fdo670AX9S3yit&tn=XJXMlLSQOJi2aAh6&edm=AOG-cTkBAAAA&ccb=7-5&oh=00_AfCsWuLXwzkZancAf5BY25GIn1olkHeyfrR95WNc94v74Q&oe=63941230&_nc_sid=282b66,false
47220502035,m4s0od_,,https://instagram.fblr24-1.fna.fbcdn.net/v/t51.2885-19/307641456_495841021972817_3479456985770635561_n.jpg?stp=dst-jpg_s150x150&_nc_ht=instagram.fblr24-1.fna.fbcdn.net&_nc_cat=105&_nc_ohc=TVNXBwlr0n4AX9sV-ZF&edm=AOG-cTkBAAAA&ccb=7-5&oh=00_AfCUoIyXZPPTnLsEa0yYIRb627F6CzoTFCutCbvnc2Ss3A&oe=63934628&_nc_sid=282b66,false
12822319699,rudrakshuwuwuuuwuwjwwwuwluwmao,nut,https://instagram.fblr24-2.fna.fbcdn.net/v/t51.2885-19/310067721_3368989566761816_7137976067377995692_n.jpg?stp=dst-jpg_s150x150&_nc_ht=instagram.fblr24-2.fna.fbcdn.net&_nc_cat=108&_nc_ohc=6UJ8uAgKawAAX-aY5er&edm=AOG-cTkBAAAA&ccb=7-5&oh=00_AfD-gb87KlxNFFZGBrplN5EgMevqScyAZW6_GcN5sV65AA&oe=63948AF1&_nc_sid=282b66,false
54025436399,saakshi_172,saakshi,https://instagram.fblr24-1.fna.fbcdn.net/v/t51.2885-19/312368787_170709162226191_7990125858837798565_n.jpg?stp=dst-jpg_s150x150&_nc_ht=instagram.fblr24-1.fna.fbcdn.net&_nc_cat=103&_nc_ohc=Hm-Ut-vlL9AAX9pNtVL&edm=AOG-cTkBAAAA&ccb=7-5&oh=00_AfBIKsSNg_QC89YQuoYU3Z39IMb7yGk65XuoyX1RFIS9bQ&oe=63948BF0&_nc_sid=282b66,false
44717929158,khushi_banakar,Khushi Banakar,https://instagram.fblr24-1.fna.fbcdn.net/v/t51.2885-19/312254189_490032573153876_9122239667342047508_n.jpg?stp=dst-jpg_s150x150&_nc_ht=instagram.fblr24-1.fna.fbcdn.net&_nc_cat=100&_nc_ohc=ZBq5q4uASGwAX8hIvi3&edm=AOG-cTkBAAAA&ccb=7-5&oh=00_AfDMWFM2a2CVRVAnSGqwZUCP8V6WR3jmaI7ToUaM98g_Aw&oe=639477BB&_nc_sid=282b66,false
53584881888,a1ennnnnnnn,ùóîùóπùó≤ùóªüï∑Ô∏è,https://instagram.fblr24-1.fna.fbcdn.net/v/t51.2885-19/315307998_498811011986137_2284943769332532090_n.jpg?stp=dst-jpg_s150x150&_nc_ht=instagram.fblr24-1.fna.fbcdn.net&_nc_cat=101&_nc_ohc=MNa_ElJ1R4AAX8MvZiM&tn=XJXMlLSQOJi2aAh6&edm=AOG-cTkBAAAA&ccb=7-5&oh=00_AfAih_7B9HkwP4j39lCAW_JoVUiiyY4qc48RRTVSbZYhpA&oe=63945080&_nc_sid=282b66,false
566527749,hoe3less,,https://instagram.fblr24-1.fna.fbcdn.net/v/t51.2885-19/302383903_626258672394231_3563554729155207295_n.jpg?stp=dst-jpg_s150x150&_nc_ht=instagram.fblr24-1.fna.fbcdn.net&_nc_cat=103&_nc_ohc=ZBrT46fhljwAX8hfRK2&edm=AOG-cTkBAAAA&ccb=7-5&oh=00_AfCoqR3R6kQU9RncYyxRhSgkYvrfFpf2EL0Wqmvwxixfqg&oe=6393CCB0&_nc_sid=282b66,false
54027600486,narenreddy006,,https://instagram.fblr24-2.fna.fbcdn.net/v/t51.2885-19/307687235_1265201320906280_2421971404088153876_n.jpg?stp=dst-jpg_s150x150&_nc_ht=instagram.fblr24-2.fna.fbcdn.net&_nc_cat=108&_nc_ohc=wL0Cj-YXfboAX8f7V54&edm=AOG-cTkBAAAA&ccb=7-5&oh=00_AfBydCqChDV3c6rU9Nlfqlsjgwmum3-nAtWc3j1XxDA_Qg&oe=63934903&_nc_sid=282b66,false
50503968665,its_calledati_nyprivate,Sitamahalaskmi ü™∑,https://instagram.fblr24-2.fna.fbcdn.net/v/t51.2885-19/316265276_629465135634201_7456536290110880194_n.jpg?stp=dst-jpg_s150x150&_nc_ht=instagram.fblr24-2.fna.fbcdn.net&_nc_cat=109&_nc_ohc=aKqfSNNerOoAX-mlHpy&edm=AOG-cTkBAAAA&ccb=7-5&oh=00_AfAEvymdl0SxYltlWRfp0WsTKlZobSkzfzeBNfGUl3n21w&oe=6394FD3C&_nc_sid=282b66,false
7323842725,ar.yan2195,aryan,https://instagram.fblr24-1.fna.fbcdn.net/v/t51.2885-19/311664245_1801395036870307_132599410881614495_n.jpg?stp=dst-jpg_s150x150&_nc_ht=instagram.fblr24-1.fna.fbcdn.net&_nc_cat=107&_nc_ohc=d6aIz_3cbykAX9TNhQU&edm=AOG-cTkBAAAA&ccb=7-5&oh=00_AfCGH42giEA4lglhJW4MyuXNhaRVFrNf06n8PZS99gir1Q&oe=6393FDB5&_nc_sid=282b66,false
52849005793,__.silent_heart.__,ü¶ãSp√¥√µrth√¨ü¶ã,https://instagram.fblr24-1.fna.fbcdn.net/v/t51.2885-19/292144944_1129830094406989_1015872774216351191_n.jpg?stp=dst-jpg_s150x150&_nc_ht=instagram.fblr24-1.fna.fbcdn.net&_nc_cat=101&_nc_ohc=m7Zi4ZhzbFwAX-rZEFL&edm=AOG-cTkBAAAA&ccb=7-5&oh=00_AfDotsqrUX96X5lGLyHCJNScWfqSKupS-u7tfk9BdubWrg&oe=6393ED89&_nc_sid=282b66,false
46963630018,phunsukwangduu,pancho friday aa,https://instagram.fblr24-2.fna.fbcdn.net/v/t51.2885-19/279186518_962247797799911_5538517279363751665_n.jpg?stp=dst-jpg_s150x150&_nc_ht=instagram.fblr24-2.fna.fbcdn.net&_nc_cat=111&_nc_ohc=FijT7iGZZ18AX8DVOCD&edm=AOG-cTkBAAAA&ccb=7-5&oh=00_AfAbqx9boUNhajE_WlkGz6wA4_dFbaO82sahd7iXRUoVVA&oe=63939093&_nc_sid=282b66,false
25251363211,shanti2_,Shanti:),https://instagram.fblr24-2.fna.fbcdn.net/v/t51.2885-19/304977213_568145088333995_3900946990096653553_n.jpg?stp=dst-jpg_s150x150&_nc_ht=instagram.fblr24-2.fna.fbcdn.net&_nc_cat=111&_nc_ohc=K9Ac6iV5X3oAX_MpZ86&tn=XJXMlLSQOJi2aAh6&edm=AOG-cTkBAAAA&ccb=7-5&oh=00_AfAMvr4flblMHz1eoiPDfQOkhgL83wui7z1TvEqI70HkpQ&oe=6394DA6F&_nc_sid=282b66,false
53497921187,wenomechainasamaa,,https://instagram.fblr24-2.fna.fbcdn.net/v/t51.2885-19/309447474_2096738937165320_6728654583248962675_n.jpg?stp=dst-jpg_s150x150&_nc_ht=instagram.fblr24-2.fna.fbcdn.net&_nc_cat=108&_nc_ohc=7oqAd_Sl7w0AX8v_qTJ&tn=XJXMlLSQOJi2aAh6&edm=AOG-cTkBAAAA&ccb=7-5&oh=00_AfCBcEjwbURYgKWwVJzLkw8jYGkzfBeHH08qpTV7UXZVSA&oe=639469A2&_nc_sid=282b66,false
52426354459,frostie.flakes_,ash ‚òÅÔ∏è,https://instagram.fblr24-1.fna.fbcdn.net/v/t51.2885-19/302014887_596599938781939_6219216790710162609_n.jpg?stp=dst-jpg_s150x150&_nc_ht=instagram.fblr24-1.fna.fbcdn.net&_nc_cat=107&_nc_ohc=BDRtOl72brgAX_BlUJc&edm=AOG-cTkBAAAA&ccb=7-5&oh=00_AfB66V0WGsKY6LmQqeoZ63bWEKZ9X_6Wh5ghlP8VwxFtxw&oe=6394266A&_nc_sid=282b66,false
15244435681,sxchxnxx,ùïäùî∏‚ÑÇ‚ÑçùïÄ‚Ñï,https://instagram.fblr24-1.fna.fbcdn.net/v/t51.2885-19/311808245_524632099495021_6922832527844668293_n.jpg?stp=dst-jpg_s150x150&_nc_ht=instagram.fblr24-1.fna.fbcdn.net&_nc_cat=101&_nc_ohc=aG89lMD1BSkAX-gtYg9&edm=AOG-cTkBAAAA&ccb=7-5&oh=00_AfC2_wWJ7HVZOOoT-WzOvwWldTa25jtWsWNiF0djrTWjuA&oe=6393DE6B&_nc_sid=282b66,false
49847243066,niharikaa.ah,niharikah,https://instagram.fblr24-2.fna.fbcdn.net/v/t51.2885-19/278896208_470252728227551_3296621978983580182_n.jpg?stp=dst-jpg_s150x150&_nc_ht=instagram.fblr24-2.fna.fbcdn.net&_nc_cat=111&_nc_ohc=g83kbaK-pKMAX9SpCR1&edm=AOG-cTkBAAAA&ccb=7-5&oh=00_AfCcalWRfr3w_pBONdQ1_TunTiwcyGMH5HM3QndmnmitZg&oe=63932F87&_nc_sid=282b66,false
51243292203,sherlock_054,Anupama Chandrasekhar,https://instagram.fblr24-2.fna.fbcdn.net/v/t51.2885-19/271953070_626573138600723_8201473483390988271_n.jpg?stp=dst-jpg_s150x150&_nc_ht=instagram.fblr24-2.fna.fbcdn.net&_nc_cat=111&_nc_ohc=dKCjirZsUmQAX8f6KgJ&edm=AOG-cTkBAAAA&ccb=7-5&oh=00_AfBCheQ9PqoVpwwgBnIftCMYzAkAnNMpeCRIXkffjqhmKg&oe=639410B6&_nc_sid=282b66,false
23820760047,vriti_idgf,vriti üí´,https://instagram.fblr24-1.fna.fbcdn.net/v/t51.2885-19/317922518_554575379794068_4516957750864316264_n.jpg?stp=dst-jpg_s150x150&_nc_ht=instagram.fblr24-1.fna.fbcdn.net&_nc_cat=100&_nc_ohc=MLXva1dQnMsAX8ppzzF&tn=XJXMlLSQOJi2aAh6&edm=AOG-cTkBAAAA&ccb=7-5&oh=00_AfABVHa2MSebGAr9w1Okdf8TGRQsjeBZG_31BvsDlgNt_g&oe=639489FA&_nc_sid=282b66,false
45045432901,meah_haven,Meah,https://instagram.fblr24-1.fna.fbcdn.net/v/t51.2885-19/317163157_545614673679534_5773496209087271582_n.jpg?stp=dst-jpg_s150x150&_nc_ht=instagram.fblr24-1.fna.fbcdn.net&_nc_cat=106&_nc_ohc=kHH8m4Ye6OQAX8P5q0n&edm=AOG-cTkBAAAA&ccb=7-5&oh=00_AfCd5fZTfDyT1oNZPuY100-NwORZWPI16_DHpmAVxEO56w&oe=6394451B&_nc_sid=282b66,false
53225762745,onjus_1111,anjali,https://instagram.fblr24-2.fna.fbcdn.net/v/t51.2885-19/317383678_601407678408297_8276502281434966639_n.jpg?stp=dst-jpg_s150x150&_nc_ht=instagram.fblr24-2.fna.fbcdn.net&_nc_cat=109&_nc_ohc=kgvzX6MqiPQAX8vlXHb&edm=AOG-cTkBAAAA&ccb=7-5&oh=00_AfBuMoCbmVhUiN_38ikD2Qt0-tMvArH3vSInXjcNvL23qA&oe=639464C6&_nc_sid=282b66,false
52283437802,detective._vs,.,https://instagram.fblr24-1.fna.fbcdn.net/v/t51.2885-19/310816866_1134557260523837_6816912931708404059_n.jpg?stp=dst-jpg_s150x150&_nc_ht=instagram.fblr24-1.fna.fbcdn.net&_nc_cat=105&_nc_ohc=6trovKgsGDsAX-cJa9Q&tn=XJXMlLSQOJi2aAh6&edm=AOG-cTkBAAAA&ccb=7-5&oh=00_AfCt4suY3_XAynBDGlvJBCy30AnbMXZlsbSMVWftuUgpzA&oe=6393F303&_nc_sid=282b66,false
9302570964,keerthxna.rajeev,keerthana rajeev,https://instagram.fblr24-2.fna.fbcdn.net/v/t51.2885-19/317622235_6554107634605965_7868780837046064609_n.jpg?stp=dst-jpg_s150x150&_nc_ht=instagram.fblr24-2.fna.fbcdn.net&_nc_cat=109&_nc_ohc=QTT21JGTtgEAX8qQTAR&edm=AOG-cTkBAAAA&ccb=7-5&oh=00_AfBiXGxjkY5RXC1L7w909lhNpPfc3R4H9Rwfor8B5knmXA&oe=639353D2&_nc_sid=282b66,false
53851890644,_rxdrxs_,Alan Rodrigues,https://instagram.fblr24-1.fna.fbcdn.net/v/t51.2885-19/301930659_487307729896657_3384839662196716499_n.jpg?stp=dst-jpg_s150x150&_nc_ht=instagram.fblr24-1.fna.fbcdn.net&_nc_cat=101&_nc_ohc=72IA75SIlUAAX_U-ul7&edm=AOG-cTkBAAAA&ccb=7-5&oh=00_AfC3voXU_nS-BQxgGcKY9dk9zhEJif0dhdO9f08dbIN8Xg&oe=6393D8B8&_nc_sid=282b66,false
28154508304,lettuceomelett,,https://instagram.fblr24-2.fna.fbcdn.net/v/t51.2885-19/316121589_1560497654388670_2384637575938972166_n.jpg?stp=dst-jpg_s150x150&_nc_ht=instagram.fblr24-2.fna.fbcdn.net&_nc_cat=110&_nc_ohc=qPLFmVJsJk4AX-_C-ta&edm=AOG-cTkBAAAA&ccb=7-5&oh=00_AfAXIu3gOEzzer5Y1fEQNGtBO9m3xD3Hp1ehWgxokA-PtQ&oe=63941663&_nc_sid=282b66,false
44608834441,maitreya.24,,https://instagram.fblr20-2.fna.fbcdn.net/v/t51.2885-19/44884218_345707102882519_2446069589734326272_n.jpg?efg=eyJybWQiOiJpZ19hbmRyb2lkX21vYmlsZV9uZXR3b3JrX3N0YWNrX3RpZ29uX21uc18yNTlfcmJzX3Y0OnRpZ29uX21uc19yYnNfdjIifQ&_nc_ht=instagram.fblr20-2.fna.fbcdn.net&_nc_cat=1&_nc_ohc=uM88MCE8Dx4AX8CZuPJ&edm=APwHDrQBAAAA&ccb=7-5&ig_cache_key=YW5vbnltb3VzX3Byb2ZpbGVfcGlj.2-ccb7-5&oh=00_AfATshMbweL99BGkbolq9ALkAFd3Flfr_yiJaKeOe15Y0Q&oe=6394944F&_nc_sid=1c538d,false
44425983278,bukka_13_09,Pratham,https://instagram.fblr24-1.fna.fbcdn.net/v/t51.2885-19/313396444_508986094484042_1272169490915005700_n.jpg?stp=dst-jpg_s150x150&_nc_ht=instagram.fblr24-1.fna.fbcdn.net&_nc_cat=102&_nc_ohc=WDpprlg8MfIAX_JVMkU&tn=XJXMlLSQOJi2aAh6&edm=AOG-cTkBAAAA&ccb=7-5&oh=00_AfAAuOF8xXkp8OJTRHakzgciaiu6bvMTmi2G2XD6kk1fIg&oe=63944742&_nc_sid=282b66,false
53106263414,_michelle_elvis,michelle,https://instagram.fblr24-1.fna.fbcdn.net/v/t51.2885-19/280044612_969524483696539_1389246235913497462_n.jpg?stp=dst-jpg_s150x150&_nc_ht=instagram.fblr24-1.fna.fbcdn.net&_nc_cat=107&_nc_ohc=s6pnaoxN230AX9HsE7J&edm=AOG-cTkBAAAA&ccb=7-5&oh=00_AfDsleTfWiZ44D1IfmBhM57zD8GpdSSfbsj9UwwTyCz1JA&oe=6393192F&_nc_sid=282b66,false
52158766869,wooperflower,,https://instagram.fblr24-1.fna.fbcdn.net/v/t51.2885-19/277324874_1668731893462553_7037302494191375368_n.jpg?stp=dst-jpg_s150x150&_nc_ht=instagram.fblr24-1.fna.fbcdn.net&_nc_cat=105&_nc_ohc=Xu6M4U4-87cAX_jkBWl&edm=AOG-cTkBAAAA&ccb=7-5&oh=00_AfBhXP6K8xy_r2lg_1k1ZRjduVwaTNR84PGBWgcury8mDg&oe=6393C557&_nc_sid=282b66,false
38423451149,srivxn,‚ö°Ô∏èRüå™VEN,https://instagram.fblr24-2.fna.fbcdn.net/v/t51.2885-19/315320971_496228152465862_1592333518323076139_n.jpg?stp=dst-jpg_s150x150&_nc_ht=instagram.fblr24-2.fna.fbcdn.net&_nc_cat=110&_nc_ohc=54eIHZYrSlcAX8maRJP&edm=AOG-cTkBAAAA&ccb=7-5&oh=00_AfDIsjKbj3R_TRliwHOQZTdClhXgLH-9qPv-voTakvLupA&oe=63937BFB&_nc_sid=282b66,false
50666790916,anika_annaa,anika.,https://instagram.fblr24-2.fna.fbcdn.net/v/t51.2885-19/307885853_459686689255617_6005203590571650209_n.jpg?stp=dst-jpg_s150x150&_nc_ht=instagram.fblr24-2.fna.fbcdn.net&_nc_cat=109&_nc_ohc=GKrenHlwQ94AX9AI-Nj&tn=XJXMlLSQOJi2aAh6&edm=AOG-cTkBAAAA&ccb=7-5&oh=00_AfD3_qfR3VHmRngqGY-B0_lsHwBDlmJcRUz4acqGslQujQ&oe=63933D40&_nc_sid=282b66,false
44065338602,_notjoshua_,Joshua,https://instagram.fblr24-1.fna.fbcdn.net/v/t51.2885-19/309608946_610153284083634_8467328987627170242_n.jpg?stp=dst-jpg_s150x150&_nc_ht=instagram.fblr24-1.fna.fbcdn.net&_nc_cat=106&_nc_ohc=ojp9IgqWTH0AX-ir-LI&edm=AOG-cTkBAAAA&ccb=7-5&oh=00_AfA30XxCbS9D1U9OHdm7UxJiyII06fzf-t3GMJqytvNkRg&oe=63944D0D&_nc_sid=282b66,false
48538082471,brinda_d_,Brinda Dinesh,https://instagram.fblr20-2.fna.fbcdn.net/v/t51.2885-19/44884218_345707102882519_2446069589734326272_n.jpg?efg=eyJybWQiOiJpZ19hbmRyb2lkX21vYmlsZV9uZXR3b3JrX3N0YWNrX3RpZ29uX21uc18yNTlfcmJzX3Y0OnRpZ29uX21uc19yYnNfdjIifQ&_nc_ht=instagram.fblr20-2.fna.fbcdn.net&_nc_cat=1&_nc_ohc=uM88MCE8Dx4AX8CZuPJ&edm=APwHDrQBAAAA&ccb=7-5&ig_cache_key=YW5vbnltb3VzX3Byb2ZpbGVfcGlj.2-ccb7-5&oh=00_AfATshMbweL99BGkbolq9ALkAFd3Flfr_yiJaKeOe15Y0Q&oe=6394944F&_nc_sid=1c538d,false
50986189451,imperialwild_7,Mantra,https://instagram.fblr24-1.fna.fbcdn.net/v/t51.2885-19/316218185_1759050461130625_8735617314605975954_n.jpg?stp=dst-jpg_s150x150&_nc_ht=instagram.fblr24-1.fna.fbcdn.net&_nc_cat=101&_nc_ohc=g3-CInhOBk4AX9c1J_E&edm=AOG-cTkBAAAA&ccb=7-5&oh=00_AfByuVYBYfo5rI_mTqAlIYAUrgV1D7Nkj63ZCiGe9nwJng&oe=639482B9&_nc_sid=282b66,false
54000396561,ritx.exe,ùòºùô®ùôùùôûùô®ùôùüçÉ,https://instagram.fblr20-2.fna.fbcdn.net/v/t51.2885-19/44884218_345707102882519_2446069589734326272_n.jpg?efg=eyJybWQiOiJpZ19hbmRyb2lkX21vYmlsZV9uZXR3b3JrX3N0YWNrX3RpZ29uX21uc18yNTlfcmJzX3Y0OnRpZ29uX21uc19yYnNfdjIifQ&_nc_ht=instagram.fblr20-2.fna.fbcdn.net&_nc_cat=1&_nc_ohc=uM88MCE8Dx4AX8CZuPJ&edm=APwHDrQBAAAA&ccb=7-5&ig_cache_key=YW5vbnltb3VzX3Byb2ZpbGVfcGlj.2-ccb7-5&oh=00_AfATshMbweL99BGkbolq9ALkAFd3Flfr_yiJaKeOe15Y0Q&oe=6394944F&_nc_sid=1c538d,false
40447970088,aryan_bb_999,Aryan.bb,https://instagram.fblr24-1.fna.fbcdn.net/v/t51.2885-19/317713943_3222178071364684_6915401709597002327_n.jpg?stp=dst-jpg_s150x150&_nc_ht=instagram.fblr24-1.fna.fbcdn.net&_nc_cat=104&_nc_ohc=TWVP6mXDqP0AX9ZHSEA&tn=XJXMlLSQOJi2aAh6&edm=AOG-cTkBAAAA&ccb=7-5&oh=00_AfCkhi7S5m0WxKE59l-m-3tkXePEvCMY9OhyDUtyZluJpA&oe=6394F0BB&_nc_sid=282b66,false
54107669264,badboyrajesh379,aanya.,https://instagram.fblr24-2.fna.fbcdn.net/v/t51.2885-19/310564827_1105249503461159_6484238615621740139_n.jpg?stp=dst-jpg_s150x150&_nc_ht=instagram.fblr24-2.fna.fbcdn.net&_nc_cat=111&_nc_ohc=ot-pebSIsM4AX-vlN6a&edm=AOG-cTkBAAAA&ccb=7-5&oh=00_AfCvUXj5mAnRcnBbPZXfR2JgfZaXJJ7LiEjACy65Tnxfpg&oe=63947CDA&_nc_sid=282b66,false
54168194388,vzshxx._,Vishnu,https://instagram.fblr24-1.fna.fbcdn.net/v/t51.2885-19/298092596_1772867133059260_4383876025197998377_n.jpg?stp=dst-jpg_s150x150&_nc_ht=instagram.fblr24-1.fna.fbcdn.net&_nc_cat=104&_nc_ohc=EelF5Jkob9gAX9K0Q2S&edm=AOG-cTkBAAAA&ccb=7-5&oh=00_AfBXIyaTSHPESNpz9CQfeLbhVAWw_MYp9NhkMOmmTGuwmg&oe=6393D17F&_nc_sid=282b66,false
44918516058,https.hername_,,https://instagram.fblr20-2.fna.fbcdn.net/v/t51.2885-19/44884218_345707102882519_2446069589734326272_n.jpg?efg=eyJybWQiOiJpZ19hbmRyb2lkX21vYmlsZV9uZXR3b3JrX3N0YWNrX3RpZ29uX21uc18yNTlfcmJzX3Y0OnRpZ29uX21uc19yYnNfdjIifQ&_nc_ht=instagram.fblr20-2.fna.fbcdn.net&_nc_cat=1&_nc_ohc=uM88MCE8Dx4AX8CZuPJ&edm=APwHDrQBAAAA&ccb=7-5&ig_cache_key=YW5vbnltb3VzX3Byb2ZpbGVfcGlj.2-ccb7-5&oh=00_AfATshMbweL99BGkbolq9ALkAFd3Flfr_yiJaKeOe15Y0Q&oe=6394944F&_nc_sid=1c538d,false
53857511202,nila.viswam_008,‚Ä¢||Nila||‚Ä¢,https://instagram.fblr24-1.fna.fbcdn.net/v/t51.2885-19/311297755_196031099496414_6960742781927319710_n.jpg?stp=dst-jpg_s150x150&_nc_ht=instagram.fblr24-1.fna.fbcdn.net&_nc_cat=106&_nc_ohc=y_0NBYm9JUQAX_cyi2A&edm=AOG-cTkBAAAA&ccb=7-5&oh=00_AfDt6yp9kbY0v8gJGnZGqxDPi1K36kVTznMP1wV5Ld3yWw&oe=6394E571&_nc_sid=282b66,false
53255721273,ethanrosario749,Ethan Rosario,https://instagram.fblr24-1.fna.fbcdn.net/v/t51.2885-19/301531423_470744324687035_2297354407446258778_n.jpg?stp=dst-jpg_s150x150&_nc_ht=instagram.fblr24-1.fna.fbcdn.net&_nc_cat=107&_nc_ohc=cKJ3nxlf_IsAX9JtHmS&edm=AOG-cTkBAAAA&ccb=7-5&oh=00_AfByLJtiHpHG4puOgRmGKw7Uj_kibHwASyQ4NGzqZwkVfQ&oe=6394B61E&_nc_sid=282b66,false
49928125489,tejas.r123,Tejas,https://instagram.fblr24-1.fna.fbcdn.net/v/t51.2885-19/312065570_116515007903209_3290964166462397727_n.jpg?stp=dst-jpg_s150x150&_nc_ht=instagram.fblr24-1.fna.fbcdn.net&_nc_cat=101&_nc_ohc=v1JoqwGZ2TYAX-mkJ3x&edm=AOG-cTkBAAAA&ccb=7-5&oh=00_AfDKopZ-YsR-CKA8iYg-k1iYG7XBKf58V72zoi8-1cEqKg&oe=6394E3DA&_nc_sid=282b66,false
53214314584,naina_naren,Naina Naren,https://instagram.fblr24-1.fna.fbcdn.net/v/t51.2885-19/302244019_592953769203918_5481174257146972175_n.jpg?stp=dst-jpg_s150x150&_nc_ht=instagram.fblr24-1.fna.fbcdn.net&_nc_cat=106&_nc_ohc=GADpikJ9Na8AX_oljIW&edm=AOG-cTkBAAAA&ccb=7-5&oh=00_AfAwozLbiJL5Q7WdJVLUs8BPi9q0it2NDudKw9GtvggIpw&oe=639347ED&_nc_sid=282b66,false
46091115646,rh3a._.khanna,rhea khannaü•Ä,https://instagram.fblr24-1.fna.fbcdn.net/v/t51.2885-19/315289408_430092079338594_1472234442159603221_n.jpg?stp=dst-jpg_s150x150&_nc_ht=instagram.fblr24-1.fna.fbcdn.net&_nc_cat=106&_nc_ohc=IucDw_3_gMEAX9qBx2B&edm=AOG-cTkBAAAA&ccb=7-5&oh=00_AfCgFbz8i-IBEw0Eequ0rfccOKi5FRdrjWnIyL9uZy0TkQ&oe=6395016A&_nc_sid=282b66,false
52240792976,ali1shaaaa,alisha,https://instagram.fblr24-2.fna.fbcdn.net/v/t51.2885-19/313183647_111842684954806_7565822001235884370_n.jpg?stp=dst-jpg_s150x150&_nc_ht=instagram.fblr24-2.fna.fbcdn.net&_nc_cat=110&_nc_ohc=eF7iy8mMC-YAX8Y7K9x&tn=XJXMlLSQOJi2aAh6&edm=AOG-cTkBAAAA&ccb=7-5&oh=00_AfA1TNPNPMnUTRqD0njLwOLq0OW8iAhcYl0bKRo7E9WDRA&oe=63935750&_nc_sid=282b66,false
17147103610,yvngasxh,ùñÜùñòùñçùñóùñéùñôùñç,https://instagram.fblr24-1.fna.fbcdn.net/v/t51.2885-19/309166389_770085394070414_6096996269222217039_n.jpg?stp=dst-jpg_s150x150&_nc_ht=instagram.fblr24-1.fna.fbcdn.net&_nc_cat=102&_nc_ohc=ESPNQ6gzL84AX8T2hTE&edm=AOG-cTkBAAAA&ccb=7-5&oh=00_AfA6DqJJu-RDm2nxqw0HISV-QllOBx9ka1xOfx1JbVFAcg&oe=63933560&_nc_sid=282b66,false
46604660831,sachkeerat.kahlonn,sachkeerat,https://instagram.fblr24-2.fna.fbcdn.net/v/t51.2885-19/317009874_3369776416675787_5623780381591748006_n.jpg?stp=dst-jpg_s150x150&_nc_ht=instagram.fblr24-2.fna.fbcdn.net&_nc_cat=111&_nc_ohc=1biru8LYsdAAX_tOfNz&tn=XJXMlLSQOJi2aAh6&edm=AOG-cTkBAAAA&ccb=7-5&oh=00_AfC1BHqfkPQUxxeGqUyCxSPFRMdMXjHSqoe64xPuq79UGw&oe=6394DA5B&_nc_sid=282b66,false
45311030662,xequalseight,Nik,https://instagram.fblr24-1.fna.fbcdn.net/v/t51.2885-19/314969921_688751039185567_7138173510006377412_n.jpg?stp=dst-jpg_s150x150&_nc_ht=instagram.fblr24-1.fna.fbcdn.net&_nc_cat=107&_nc_ohc=hUKSM-82O-oAX_FClkd&edm=AOG-cTkBAAAA&ccb=7-5&oh=00_AfD9KX1a7dP8OLBrusCYzKqOwiyJcZk66vsef207TFusDA&oe=63937EA3&_nc_sid=282b66,false
54016480489,maierah.khan,maierah khan,https://instagram.fblr20-2.fna.fbcdn.net/v/t51.2885-19/44884218_345707102882519_2446069589734326272_n.jpg?efg=eyJybWQiOiJpZ19hbmRyb2lkX21vYmlsZV9uZXR3b3JrX3N0YWNrX3RpZ29uX21uc18yNTlfcmJzX3Y0OnRpZ29uX21uc19yYnNfdjIifQ&_nc_ht=instagram.fblr20-2.fna.fbcdn.net&_nc_cat=1&_nc_ohc=uM88MCE8Dx4AX8CZuPJ&edm=APwHDrQBAAAA&ccb=7-5&ig_cache_key=YW5vbnltb3VzX3Byb2ZpbGVfcGlj.2-ccb7-5&oh=00_AfATshMbweL99BGkbolq9ALkAFd3Flfr_yiJaKeOe15Y0Q&oe=6394944F&_nc_sid=1c538d,false
47844561979,alxsha___,alisha<3,https://instagram.fblr24-1.fna.fbcdn.net/v/t51.2885-19/289132666_2040165596190651_9097802697758099479_n.jpg?stp=dst-jpg_s150x150&_nc_ht=instagram.fblr24-1.fna.fbcdn.net&_nc_cat=103&_nc_ohc=Mbl-r9TrKdAAX9kreN8&edm=AOG-cTkBAAAA&ccb=7-5&oh=00_AfCEkGOtiATcduhjwRQj1ylmgMP7moWRqOYG3B1Vh1pfCg&oe=6394F84B&_nc_sid=282b66,false
5325627216,moksh.sakshi.gopal,Moki üòºüíï,https://instagram.fblr24-2.fna.fbcdn.net/v/t51.2885-19/312363413_599769235229828_4686093432873291238_n.jpg?stp=dst-jpg_s150x150&_nc_ht=instagram.fblr24-2.fna.fbcdn.net&_nc_cat=108&_nc_ohc=OUxrknU16J0AX9g0sRZ&tn=XJXMlLSQOJi2aAh6&edm=AOG-cTkBAAAA&ccb=7-5&oh=00_AfC5qiRnn1LEc1W52tPjP-SGnn-WwvA9ODqKnmgfFfQZtg&oe=6393E2BB&_nc_sid=282b66,false
50011536034,ah4na_,a,https://instagram.fblr24-2.fna.fbcdn.net/v/t51.2885-19/317390628_5566218403493879_6747190585744670011_n.jpg?stp=dst-jpg_s150x150&_nc_ht=instagram.fblr24-2.fna.fbcdn.net&_nc_cat=111&_nc_ohc=g-XiyFDM1M4AX9jfnX7&edm=AOG-cTkBAAAA&ccb=7-5&oh=00_AfC83fDsZ9O0vOFfhjCXG7FKhpaAWlEHuITdqvGpbmGAYw&oe=63930F73&_nc_sid=282b66,false
14320234560,aanya__yn,aanya,https://instagram.fblr24-1.fna.fbcdn.net/v/t51.2885-19/313487100_805740484043755_9018181986922912876_n.jpg?stp=dst-jpg_s150x150&_nc_ht=instagram.fblr24-1.fna.fbcdn.net&_nc_cat=107&_nc_ohc=GivgCEEcQlcAX9viFmz&edm=AOG-cTkBAAAA&ccb=7-5&oh=00_AfDy3aJYmwpIG8EiojJTQzNOz1HbW1NZhQRjLon0sCAC6g&oe=6394F62A&_nc_sid=282b66,false
12087662517,neha.jkumar,neha,https://instagram.fblr24-1.fna.fbcdn.net/v/t51.2885-19/308377590_446140074247476_1172416045640794812_n.jpg?stp=dst-jpg_s150x150&_nc_ht=instagram.fblr24-1.fna.fbcdn.net&_nc_cat=100&_nc_ohc=Mkdcq7FVLnMAX9Vmzex&tn=XJXMlLSQOJi2aAh6&edm=AOG-cTkBAAAA&ccb=7-5&oh=00_AfCpnzaMyZeCcYuLfIpcrFkoeOicoIpebsbUrHnwcdhbmg&oe=6394ED72&_nc_sid=282b66,false
51492836876,_wthhappened_,nose,https://instagram.fblr24-2.fna.fbcdn.net/v/t51.2885-19/317495423_480340230631232_2783213422236704467_n.jpg?stp=dst-jpg_s150x150&_nc_ht=instagram.fblr24-2.fna.fbcdn.net&_nc_cat=108&_nc_ohc=ZYHIjBeL0yIAX8v2YpK&edm=AOG-cTkBAAAA&ccb=7-5&oh=00_AfDZxdowL_EjjUdqYK7eNwwEVpG2ofZvhAqg5ujpL4wsXg&oe=6393C9DC&_nc_sid=282b66,false
8756217586,hiya0912,Hiya Sharma<3:),https://instagram.fblr20-2.fna.fbcdn.net/v/t51.2885-19/44884218_345707102882519_2446069589734326272_n.jpg?efg=eyJybWQiOiJpZ19hbmRyb2lkX21vYmlsZV9uZXR3b3JrX3N0YWNrX3RpZ29uX21uc18yNTlfcmJzX3Y0OnRpZ29uX21uc19yYnNfdjIifQ&_nc_ht=instagram.fblr20-2.fna.fbcdn.net&_nc_cat=1&_nc_ohc=uM88MCE8Dx4AX8CZuPJ&edm=APwHDrQBAAAA&ccb=7-5&ig_cache_key=YW5vbnltb3VzX3Byb2ZpbGVfcGlj.2-ccb7-5&oh=00_AfATshMbweL99BGkbolq9ALkAFd3Flfr_yiJaKeOe15Y0Q&oe=6394944F&_nc_sid=1c538d,false
47642921119,poorvi_rk,poorvi üï∑Ô∏è,https://instagram.fblr24-2.fna.fbcdn.net/v/t51.2885-19/311701451_1473545866444691_7508475434423780890_n.jpg?stp=dst-jpg_s150x150&_nc_ht=instagram.fblr24-2.fna.fbcdn.net&_nc_cat=111&_nc_ohc=wl3WSxKAGeQAX8PIjsB&tn=XJXMlLSQOJi2aAh6&edm=AOG-cTkBAAAA&ccb=7-5&oh=00_AfDQPU_OeYR3llfCULmt0tOKlsmSJmsbkiHnnu84CW3BIA&oe=63939DBB&_nc_sid=282b66,false
50806358745,iknowyousmokeweed,nEha,https://instagram.fblr24-1.fna.fbcdn.net/v/t51.2885-19/316237594_1306410163471147_4188196466919416407_n.jpg?stp=dst-jpg_s150x150&_nc_ht=instagram.fblr24-1.fna.fbcdn.net&_nc_cat=107&_nc_ohc=PHSaqZ-a8HAAX_GmnA8&tn=XJXMlLSQOJi2aAh6&edm=AOG-cTkBAAAA&ccb=7-5&oh=00_AfBqp4eDAkQ4OSSKaA6Mj2negp1jkBpBB7E-VhqgIyWsfg&oe=63946255&_nc_sid=282b66,false
52574159658,j_viper_14,Jaideep,https://instagram.fblr24-1.fna.fbcdn.net/v/t51.2885-19/312395398_211076647938738_8355332730467832286_n.jpg?stp=dst-jpg_s150x150&_nc_ht=instagram.fblr24-1.fna.fbcdn.net&_nc_cat=106&_nc_ohc=3s485xKeis8AX_tGlgP&edm=AOG-cTkBAAAA&ccb=7-5&oh=00_AfDYHApEpcrDsAdP7bs3yF8dq-49AE3HlbUONOa6VOujLg&oe=63944E0B&_nc_sid=282b66,false
8015967252,arisht.srisrimal,arisht,https://instagram.fblr24-2.fna.fbcdn.net/v/t51.2885-19/272938005_301465532052249_3301481757639112758_n.jpg?stp=dst-jpg_s150x150&_nc_ht=instagram.fblr24-2.fna.fbcdn.net&_nc_cat=109&_nc_ohc=aJA0RCgdEokAX_LHZG-&edm=AOG-cTkBAAAA&ccb=7-5&oh=00_AfArKjxxj4Thv2rW7pTQeCLlXAcxJxfViTE4D8NQXOfIyg&oe=6394A526&_nc_sid=282b66,false
53367876490,not_ani30,AniüíÄ,https://instagram.fblr24-1.fna.fbcdn.net/v/t51.2885-19/318093701_497205872380588_4447026298831509648_n.jpg?stp=dst-jpg_s150x150&_nc_ht=instagram.fblr24-1.fna.fbcdn.net&_nc_cat=104&_nc_ohc=gmJ-3ZELTicAX-DDg00&edm=AOG-cTkBAAAA&ccb=7-5&oh=00_AfBP-1noOhGWxsEjCXJjEVhETZK0iWwMrRD_C7Zhy0ji_Q&oe=63935952&_nc_sid=282b66,false
53352776650,nvy_.privv,Navyya,https://instagram.fblr24-1.fna.fbcdn.net/v/t51.2885-19/309718127_1593659417759381_5394128485198225200_n.jpg?stp=dst-jpg_s150x150&_nc_ht=instagram.fblr24-1.fna.fbcdn.net&_nc_cat=105&_nc_ohc=y6JkNSIg0E8AX-ZJSIh&edm=AOG-cTkBAAAA&ccb=7-5&oh=00_AfBj_G9vjnlW3HDfN5VFsx-mMOnw9yQQ8lFFRXjy9CwsIQ&oe=6393EBA8&_nc_sid=282b66,false
52742669925,todoshi_nori_,Todoshi üê∏,https://instagram.fblr24-1.fna.fbcdn.net/v/t51.2885-19/312850860_2581465511990802_7407456873639365627_n.jpg?stp=dst-jpg_s150x150&_nc_ht=instagram.fblr24-1.fna.fbcdn.net&_nc_cat=106&_nc_ohc=6Sh8KQ0TocsAX9NW__d&tn=XJXMlLSQOJi2aAh6&edm=AOG-cTkBAAAA&ccb=7-5&oh=00_AfCM_2SPwqQhmnqvpClbsfTfFEe55Yt6KZrEClLca_qRiw&oe=6393F386&_nc_sid=282b66,false
50850939344,trisha_nataraj,Trisha Nataraj,https://instagram.fblr24-1.fna.fbcdn.net/v/t51.2885-19/317005318_1432886547240784_307089186570189925_n.jpg?stp=dst-jpg_s150x150&_nc_ht=instagram.fblr24-1.fna.fbcdn.net&_nc_cat=104&_nc_ohc=O1HnRaE8DJAAX-kWK7d&edm=AOG-cTkBAAAA&ccb=7-5&oh=00_AfDLWpRv98efcPJM1V4NDzZJ4A2JxbE52Wn3G_hdSLRJGQ&oe=639325C0&_nc_sid=282b66,false
51800225271,leo.fr99,leoüò©üíö,https://instagram.fblr24-1.fna.fbcdn.net/v/t51.2885-19/309167888_5658397204182510_7864721541627528242_n.jpg?stp=dst-jpg_s150x150&_nc_ht=instagram.fblr24-1.fna.fbcdn.net&_nc_cat=106&_nc_ohc=0-Jc2Q69HWUAX9cvwbR&edm=AOG-cTkBAAAA&ccb=7-5&oh=00_AfDyUb6KXBEzPj2AdW2rKoj5EklCFjbLYRVyyIFptqKRXA&oe=63941738&_nc_sid=282b66,false
51200892098,x._aarushi,Aaru$hi,https://instagram.fblr24-1.fna.fbcdn.net/v/t51.2885-19/312228845_1450680618676145_5768034542337723314_n.jpg?stp=dst-jpg_s150x150&_nc_ht=instagram.fblr24-1.fna.fbcdn.net&_nc_cat=105&_nc_ohc=siGvsuIn9R0AX80PQCU&edm=AOG-cTkBAAAA&ccb=7-5&oh=00_AfBB2MKnReO48_xGS3xbyn4WPWkCJPH8eD_Zh4xTVtqGaQ&oe=639451D3&_nc_sid=282b66,false
53061064187,atif.miir,Atif Mir,https://instagram.fblr24-1.fna.fbcdn.net/v/t51.2885-19/306485435_655433249248913_71064940991277137_n.jpg?stp=dst-jpg_s150x150&_nc_ht=instagram.fblr24-1.fna.fbcdn.net&_nc_cat=105&_nc_ohc=Sun5Rw_9lD0AX_1gFfN&edm=AOG-cTkBAAAA&ccb=7-5&oh=00_AfBqc2B-TWJZCvkTv-OD4N1AQazrtoUbHbmYnYDkiDC2RQ&oe=6393E03C&_nc_sid=282b66,false
7403597300,lil.weeeeez,ùôÜùôûùôßùôñùô£üëÅÔ∏è‚É§,https://instagram.fblr24-1.fna.fbcdn.net/v/t51.2885-19/299617266_591954435707846_7414371214585532334_n.jpg?stp=dst-jpg_s150x150&_nc_ht=instagram.fblr24-1.fna.fbcdn.net&_nc_cat=102&_nc_ohc=acnwjjw_SnEAX8ek60C&edm=AOG-cTkBAAAA&ccb=7-5&oh=00_AfAbsxzz668IZcgOcOW5GTrP6UgfYwHvu2LoPgzRfopgSQ&oe=63947A5E&_nc_sid=282b66,false
52046472146,kausar.slt,Kausar Sulthana,https://instagram.fblr24-1.fna.fbcdn.net/v/t51.2885-19/309923645_1484958132017809_7157132889811595267_n.jpg?stp=dst-jpg_s150x150&_nc_ht=instagram.fblr24-1.fna.fbcdn.net&_nc_cat=101&_nc_ohc=Vd-kr_A0FSUAX_sMCuA&edm=AOG-cTkBAAAA&ccb=7-5&oh=00_AfDyoLJGqACg9JUBs-TLrOQrrrKLzgO8MFoCEDKBTUEisg&oe=63936861&_nc_sid=282b66,false
44785835832,s.nyk_9,,https://instagram.fblr24-1.fna.fbcdn.net/v/t51.2885-19/309577383_641337580722842_7939541573892245479_n.jpg?stp=dst-jpg_s150x150&_nc_ht=instagram.fblr24-1.fna.fbcdn.net&_nc_cat=102&_nc_ohc=sB6zP2k2b8IAX_yfFZb&edm=AOG-cTkBAAAA&ccb=7-5&oh=00_AfArBMHYtOJurj4VWXIMLc2lYqmqzRUxPq18H5Gc6mSvmg&oe=6394F329&_nc_sid=282b66,false
44596014561,adrian.rohanp,adrian,https://instagram.fblr24-2.fna.fbcdn.net/v/t51.2885-19/317019479_953351882296353_483298843906562523_n.jpg?stp=dst-jpg_s150x150&_nc_ht=instagram.fblr24-2.fna.fbcdn.net&_nc_cat=109&_nc_ohc=1GU8cEyzKXMAX8cf3s0&edm=AOG-cTkBAAAA&ccb=7-5&oh=00_AfB8IOyBkCy2Ld4oLL8PgG41oNQwvIOnUkQ1uKp0NnDUDA&oe=63939C6B&_nc_sid=282b66,false
48373459252,termp_,hussain,https://instagram.fblr24-1.fna.fbcdn.net/v/t51.2885-19/317490264_122712600649563_3369263644106580806_n.jpg?stp=dst-jpg_s150x150&_nc_ht=instagram.fblr24-1.fna.fbcdn.net&_nc_cat=103&_nc_ohc=kU3shlzByK4AX8ILRu6&edm=AOG-cTkBAAAA&ccb=7-5&oh=00_AfDczO4rGeG1ni1X6ZzJH3D0R0lF4uFIRcFUn8QrvrDHjA&oe=6394830E&_nc_sid=282b66,false
41236351676,ran.talwalkar,RanTüá®üá¶,https://instagram.fkix2-1.fna.fbcdn.net/v/t51.2885-19/44884218_345707102882519_2446069589734326272_n.jpg?_nc_ad=z-m&_nc_ht=instagram.fkix2-1.fna.fbcdn.net&_nc_cat=1&_nc_ohc=uM88MCE8Dx4AX_DvfiZ&edm=AJ9x6zYBAAAA&ccb=7-5&ig_cache_key=YW5vbnltb3VzX3Byb2ZpbGVfcGlj.2-ccb7-5&oh=00_AfBNTtYqcMMh6-E2cr-Bi6YImlxrjO8SrJrTViY4Bd_0nw&oe=6394944F&_nc_sid=cff2a4,false
40322599046,ishidabird,No body,https://instagram.fblr24-1.fna.fbcdn.net/v/t51.2885-19/275931427_3701907249933281_9208083434477058963_n.jpg?stp=dst-jpg_s150x150&_nc_ht=instagram.fblr24-1.fna.fbcdn.net&_nc_cat=105&_nc_ohc=zXHJOlkiy70AX_SJ7Qx&edm=AOG-cTkBAAAA&ccb=7-5&oh=00_AfDpeWwst1U5--lpQM2fTxjX-tnYDDeAN7RuGIpbc3Tofg&oe=63947628&_nc_sid=282b66,false
45246991992,mahi_privvvv,,https://instagram.fblr24-1.fna.fbcdn.net/v/t51.2885-19/316777192_531576808818174_2321763821728754019_n.jpg?stp=dst-jpg_s150x150&_nc_ht=instagram.fblr24-1.fna.fbcdn.net&_nc_cat=106&_nc_ohc=j7i-UoTMj0oAX-WQFW-&edm=AOG-cTkBAAAA&ccb=7-5&oh=00_AfCMTNO7jZqmIZDuvbEJNL4h_vYj_fx4bzMYQPPrUBh9vg&oe=6394CA71&_nc_sid=282b66,false
44276098463,vfxrishan,rishan | VFX Artist | Car Enthusiast,https://instagram.fblr24-1.fna.fbcdn.net/v/t51.2885-19/311973554_172239768800955_4322835732362112832_n.jpg?stp=dst-jpg_s150x150&_nc_ht=instagram.fblr24-1.fna.fbcdn.net&_nc_cat=103&_nc_ohc=rUngPHJ07RgAX-MKLQ1&edm=AOG-cTkBAAAA&ccb=7-5&oh=00_AfAWa6cpYfjrDqzwu0XV3VzrooyHFsGWVAg0s_Lw76GwRA&oe=639375D3&_nc_sid=282b66,false
49397946770,i_am_sleepy_toorini,Toorini ;P,https://instagram.fblr24-1.fna.fbcdn.net/v/t51.2885-19/310069955_130079286460553_1842844499574808526_n.jpg?stp=dst-jpg_s150x150&_nc_ht=instagram.fblr24-1.fna.fbcdn.net&_nc_cat=105&_nc_ohc=WOt9I3bOvWMAX_73bOT&edm=AOG-cTkBAAAA&ccb=7-5&oh=00_AfCScktoSFpGUgGvGWBnjyOfbu2pFZj2qyp3mQ55YF176g&oe=639475C3&_nc_sid=282b66,false
51269767120,jayddeez,jaydenüòò,https://instagram.fblr24-1.fna.fbcdn.net/v/t51.2885-19/317398058_174961035171220_4859487375593518496_n.jpg?stp=dst-jpg_s150x150&_nc_ht=instagram.fblr24-1.fna.fbcdn.net&_nc_cat=104&_nc_ohc=n14WAvNFVe0AX_ClFoK&edm=AOG-cTkBAAAA&ccb=7-5&oh=00_AfA45Hy6AbGQ5BBwM2oi1Ef0IcWMl2dPW_GsDZINEK2QVg&oe=6393DEEC&_nc_sid=282b66,false
27131968650,geetika_livesh,geetika.,https://instagram.fblr24-1.fna.fbcdn.net/v/t51.2885-19/276969627_4700071103570584_6688360045742422216_n.jpg?stp=dst-jpg_s150x150&_nc_ht=instagram.fblr24-1.fna.fbcdn.net&_nc_cat=104&_nc_ohc=r0j8BEQ3Yo8AX-c44e3&edm=AOG-cTkBAAAA&ccb=7-5&oh=00_AfCw-uPvWK8zjoiU_D_8r6jVrCrol3QszjXdrb_XBWAKwQ&oe=6393C5F7&_nc_sid=282b66,false
48781685458,mt.everesting,Maya Tholkappian,https://instagram.fblr24-1.fna.fbcdn.net/v/t51.2885-19/316162011_3389256777960930_8796126401401499343_n.jpg?stp=dst-jpg_s150x150&_nc_ht=instagram.fblr24-1.fna.fbcdn.net&_nc_cat=106&_nc_ohc=kBnTBqDMEiwAX-6oJEJ&tn=XJXMlLSQOJi2aAh6&edm=AOG-cTkBAAAA&ccb=7-5&oh=00_AfCpGpaFPQxmeU6ix3LudNAQMOT9ZG1Z3VGAA7ds6eGikA&oe=6394B3D5&_nc_sid=282b66,false
15702554031,dxr5h._,darsh fr,https://instagram.fblr24-1.fna.fbcdn.net/v/t51.2885-19/312428039_1483664585476230_8839978050109162096_n.jpg?stp=dst-jpg_s150x150&_nc_ht=instagram.fblr24-1.fna.fbcdn.net&_nc_cat=106&_nc_ohc=NE7-k8hoYrcAX-u1M6I&edm=AOG-cTkBAAAA&ccb=7-5&oh=00_AfBINB7sFfEcR4SOBJxHm-UwI7ZjnyQCinhFJnT-ChPIFg&oe=6394EFDF&_nc_sid=282b66,false
47848830971,_.ashriti,ash ‚ô°,https://instagram.fblr24-1.fna.fbcdn.net/v/t51.2885-19/297442775_762389621550552_4061736014240396047_n.jpg?stp=dst-jpg_s150x150&_nc_ht=instagram.fblr24-1.fna.fbcdn.net&_nc_cat=100&_nc_ohc=VJDuTW_qRzYAX9VgHxi&tn=XJXMlLSQOJi2aAh6&edm=AOG-cTkBAAAA&ccb=7-5&oh=00_AfC9LqHwXZqgCyfPa1WYr9qGGB_v2Yg8_3ZUn_XUp5o09A&oe=6393A674&_nc_sid=282b66,false
49326443617,joshithawho,Joshitha.,https://instagram.fkix2-1.fna.fbcdn.net/v/t51.2885-19/44884218_345707102882519_2446069589734326272_n.jpg?_nc_ad=z-m&_nc_ht=instagram.fkix2-1.fna.fbcdn.net&_nc_cat=1&_nc_ohc=uM88MCE8Dx4AX_DvfiZ&edm=AJ9x6zYBAAAA&ccb=7-5&ig_cache_key=YW5vbnltb3VzX3Byb2ZpbGVfcGlj.2-ccb7-5&oh=00_AfBNTtYqcMMh6-E2cr-Bi6YImlxrjO8SrJrTViY4Bd_0nw&oe=6394944F&_nc_sid=cff2a4,false
47461684398,ananyanagpall,ananya,https://instagram.fkix2-1.fna.fbcdn.net/v/t51.2885-19/44884218_345707102882519_2446069589734326272_n.jpg?_nc_ad=z-m&_nc_ht=instagram.fkix2-1.fna.fbcdn.net&_nc_cat=1&_nc_ohc=uM88MCE8Dx4AX_DvfiZ&edm=AJ9x6zYBAAAA&ccb=7-5&ig_cache_key=YW5vbnltb3VzX3Byb2ZpbGVfcGlj.2-ccb7-5&oh=00_AfBNTtYqcMMh6-E2cr-Bi6YImlxrjO8SrJrTViY4Bd_0nw&oe=6394944F&_nc_sid=cff2a4,false
45893085009,daddyshinchanxx,nishka,https://instagram.fblr24-1.fna.fbcdn.net/v/t51.2885-19/316671069_1389832598213870_5014386194516243596_n.jpg?stp=dst-jpg_s150x150&_nc_ht=instagram.fblr24-1.fna.fbcdn.net&_nc_cat=102&_nc_ohc=PN5uQLlEMwcAX_gaQ4z&tn=XJXMlLSQOJi2aAh6&edm=AOG-cTkBAAAA&ccb=7-5&oh=00_AfCtl1cNrx8HcsK-cwaBT_eFKV79EuFQJmH4L8wxp5nWRA&oe=639378DB&_nc_sid=282b66,false
9131807585,jerusha__daram,Jerusha,https://instagram.fblr24-1.fna.fbcdn.net/v/t51.2885-19/301991591_1279022389594971_7108869330169424883_n.jpg?stp=dst-jpg_s150x150&_nc_ht=instagram.fblr24-1.fna.fbcdn.net&_nc_cat=103&_nc_ohc=-JlJkfM3rCkAX9W1ZuR&edm=AOG-cTkBAAAA&ccb=7-5&oh=00_AfDETEKflbA3DbtE9xkJPSUCN0sNGwCj9lEADPNQdZ-3dA&oe=63944386&_nc_sid=282b66,false
42179635992,jiyapariharr,Jiya,https://instagram.fblr24-2.fna.fbcdn.net/v/t51.2885-19/310972826_1436265553530562_7950024299650067404_n.jpg?stp=dst-jpg_s150x150&_nc_ht=instagram.fblr24-2.fna.fbcdn.net&_nc_cat=110&_nc_ohc=tKQdpbGOEd4AX_4KY9h&edm=AOG-cTkBAAAA&ccb=7-5&oh=00_AfD3xfyebgr5VsqAuPEWRzjMR0KsUz2XHYIZYVkylE9Fiw&oe=639361E7&_nc_sid=282b66,false
47684396211,akrethi.chittaranjan,Akrethi,https://instagram.fblr24-1.fna.fbcdn.net/v/t51.2885-19/290128586_744504156964960_6459293811360280626_n.jpg?stp=dst-jpg_s150x150&_nc_ht=instagram.fblr24-1.fna.fbcdn.net&_nc_cat=104&_nc_ohc=QsR0U84NWZoAX-4abX5&edm=AOG-cTkBAAAA&ccb=7-5&oh=00_AfB7fXXlLbZqyrmJJGCDL5eVK26v9WEVUSKrUSqOoJmTEw&oe=6394A404&_nc_sid=282b66,false
44952919826,arshia.anand,arshia,https://instagram.fblr24-1.fna.fbcdn.net/v/t51.2885-19/295331420_581360546788446_4045442909532279198_n.jpg?stp=dst-jpg_s150x150&_nc_ht=instagram.fblr24-1.fna.fbcdn.net&_nc_cat=106&_nc_ohc=4azGjfuPCz8AX-d_0bx&edm=AOG-cTkBAAAA&ccb=7-5&oh=00_AfB2Kw7VuS-9uHeJXRVsDdqsuniapeujSmKyZePdJQYJRQ&oe=63943578&_nc_sid=282b66,false
42747038288,nimisha.pemmanda,Nimisha,https://instagram.fblr24-1.fna.fbcdn.net/v/t51.2885-19/251904633_629463285089208_3967805922131640484_n.jpg?stp=dst-jpg_s150x150&_nc_ht=instagram.fblr24-1.fna.fbcdn.net&_nc_cat=100&_nc_ohc=WTCR5_vAt_sAX8bqG8c&edm=AOG-cTkBAAAA&ccb=7-5&oh=00_AfAmLu8cMeBxxUVJ6-MN7kW6YNr4QH7qk6ceykuVNoQnmQ&oe=6394BC60&_nc_sid=282b66,false
22257364247,xnsjskz,Œî,https://instagram.fblr24-2.fna.fbcdn.net/v/t51.2885-19/315445873_1473330173173617_7183748874964391601_n.jpg?stp=dst-jpg_s150x150&_nc_ht=instagram.fblr24-2.fna.fbcdn.net&_nc_cat=109&_nc_ohc=raClwjPxKvEAX-5hE9f&edm=AOG-cTkBAAAA&ccb=7-5&oh=00_AfALOzPO_AvduOeGG06qt80jlI3uFvHirwrhZtzlfVi0HQ&oe=639358FD&_nc_sid=282b66,false
48963630512,aanya_tongia,Aanya,https://instagram.fkix2-1.fna.fbcdn.net/v/t51.2885-19/44884218_345707102882519_2446069589734326272_n.jpg?_nc_ad=z-m&_nc_ht=instagram.fkix2-1.fna.fbcdn.net&_nc_cat=1&_nc_ohc=uM88MCE8Dx4AX_DvfiZ&edm=AJ9x6zYBAAAA&ccb=7-5&ig_cache_key=YW5vbnltb3VzX3Byb2ZpbGVfcGlj.2-ccb7-5&oh=00_AfBNTtYqcMMh6-E2cr-Bi6YImlxrjO8SrJrTViY4Bd_0nw&oe=6394944F&_nc_sid=cff2a4,false
48748733876,irika_tongia,,https://instagram.fblr24-1.fna.fbcdn.net/v/t51.2885-19/295279268_1042428693302425_8424309073303197735_n.jpg?stp=dst-jpg_s150x150&_nc_ht=instagram.fblr24-1.fna.fbcdn.net&_nc_cat=101&_nc_ohc=9CcRvcvJLjsAX9lPMse&edm=AOG-cTkBAAAA&ccb=7-5&oh=00_AfBtod8BTTm2CUOTQGs5OshTFyai6LqiDZRLa01nk9RJ3w&oe=6394FFE4&_nc_sid=282b66,false
44513499101,saanvibes,Saanviii üòÜ,https://instagram.fblr24-1.fna.fbcdn.net/v/t51.2885-19/299195840_612627257099292_2178029176584873355_n.jpg?stp=dst-jpg_s150x150&_nc_ht=instagram.fblr24-1.fna.fbcdn.net&_nc_cat=100&_nc_ohc=jazaofN1Fm0AX-Rf55u&edm=AOG-cTkBAAAA&ccb=7-5&oh=00_AfD4v5ygMngWtwZHdwGC5VaaumzzRSzHsP1qJZLVO4qw9Q&oe=63932E49&_nc_sid=282b66,false
39707656898,not_.vxrun,Vxrun „ÉÑ,https://instagram.fblr24-2.fna.fbcdn.net/v/t51.2885-19/313966806_2935234616773283_6149310097550034095_n.jpg?stp=dst-jpg_s150x150&_nc_ht=instagram.fblr24-2.fna.fbcdn.net&_nc_cat=111&_nc_ohc=umVOIMaOz2kAX_5HuyE&edm=AOG-cTkBAAAA&ccb=7-5&oh=00_AfAyiFd_m83Np31PIQy4qFHOyKfwFo82o7Xj30SY4yl9Jw&oe=63940834&_nc_sid=282b66,false
48534514431,priayuh,Priyal,https://instagram.fblr24-1.fna.fbcdn.net/v/t51.2885-19/311661625_851202815877986_5010122821155342389_n.jpg?stp=dst-jpg_s150x150&_nc_ht=instagram.fblr24-1.fna.fbcdn.net&_nc_cat=102&_nc_ohc=Z-4mNF-ouvgAX_ycCBc&tn=XJXMlLSQOJi2aAh6&edm=AOG-cTkBAAAA&ccb=7-5&oh=00_AfArNxSc15Xt7JruAx2gv233eKle6Evu_ZaFRswVBmB26g&oe=6394C304&_nc_sid=282b66,false
44895031055,myra_6972_,Myra,https://instagram.fblr24-1.fna.fbcdn.net/v/t51.2885-19/317390127_464687079083521_4134762665162052814_n.jpg?stp=dst-jpg_s150x150&_nc_ht=instagram.fblr24-1.fna.fbcdn.net&_nc_cat=101&_nc_ohc=EscUYBOK2_kAX-duBfw&edm=AOG-cTkBAAAA&ccb=7-5&oh=00_AfDFIhL3Vf3u6tVfMLQWZqFECShI_TclxNwwT3K2iIU4Kg&oe=63944A3F&_nc_sid=282b66,false
48432644318,salmon_.craftsmanship._,TOORINI IT IS,https://instagram.fblr24-1.fna.fbcdn.net/v/t51.2885-19/270198425_276919337762678_1262660377160695112_n.jpg?stp=dst-jpg_s150x150&_nc_ht=instagram.fblr24-1.fna.fbcdn.net&_nc_cat=102&_nc_ohc=pY-CNSnjEOMAX93pDje&edm=AOG-cTkBAAAA&ccb=7-5&oh=00_AfC9Ih6tZQnmy1AZEzN0pcfzuXwpWJDtqUuEZ05uOgA0kg&oe=63948DCA&_nc_sid=282b66,false
48428216161,aanyaniharika,aanya,https://instagram.fblr24-2.fna.fbcdn.net/v/t51.2885-19/313029789_1157311755164697_8336369498473071659_n.jpg?stp=dst-jpg_s150x150&_nc_ht=instagram.fblr24-2.fna.fbcdn.net&_nc_cat=109&_nc_ohc=dnlpM8h8Uu8AX8Nl9JH&edm=AOG-cTkBAAAA&ccb=7-5&oh=00_AfC6dAcniegZL-rfKrrxgKoSVdEcnnaA_Hz7BWquuGbUbQ&oe=63944723&_nc_sid=282b66,false
32924661387,spjs_10,Sriprisha,https://instagram.fblr24-2.fna.fbcdn.net/v/t51.2885-19/313350629_1483502282061020_3730291159853125601_n.jpg?stp=dst-jpg_s150x150&_nc_ht=instagram.fblr24-2.fna.fbcdn.net&_nc_cat=108&_nc_ohc=Tv8ZESVNe-oAX9uPc3y&tn=XJXMlLSQOJi2aAh6&edm=AOG-cTkBAAAA&ccb=7-5&oh=00_AfCME5ciETn7C1QmKvMoJIgPyCnYVyggbF_Q4hMmPUJBkw&oe=6393A8B0&_nc_sid=282b66,false
44370257688,notkrithix,,https://instagram.fblr24-1.fna.fbcdn.net/v/t51.2885-19/312788886_441413698083435_7747089281312375299_n.jpg?stp=dst-jpg_s150x150&_nc_ht=instagram.fblr24-1.fna.fbcdn.net&_nc_cat=103&_nc_ohc=wc-NaGJEVQEAX8goWp3&tn=XJXMlLSQOJi2aAh6&edm=AOG-cTkBAAAA&ccb=7-5&oh=00_AfDMg4a8ORpUxQO-hYX_MkYtW1j0twZdPApE0OxLOCZbgA&oe=63942BBB&_nc_sid=282b66,false
47851277550,lulu_lumi_huh,,https://instagram.fblr24-1.fna.fbcdn.net/v/t51.2885-19/317568980_814478732959141_5021652681986319314_n.jpg?stp=dst-jpg_s150x150&_nc_ht=instagram.fblr24-1.fna.fbcdn.net&_nc_cat=101&_nc_ohc=5amlTUTKPZIAX_tZfUj&edm=AOG-cTkBAAAA&ccb=7-5&oh=00_AfBNJkNCSXbZUiOuzAoc2sGdx6kYcSw2n4Qj44Vg8gpdOQ&oe=6394ED24&_nc_sid=282b66,false
42117604313,fwsiddhy,Siddhanth,https://instagram.fblr24-2.fna.fbcdn.net/v/t51.2885-19/316669003_536991051298547_2077142566115107198_n.jpg?stp=dst-jpg_s150x150&_nc_ht=instagram.fblr24-2.fna.fbcdn.net&_nc_cat=111&_nc_ohc=amjjjR0PDBYAX8_OMus&edm=AOG-cTkBAAAA&ccb=7-5&oh=00_AfA3-THvP4Fnoyx9JQV4gdUqENAVCrVabCHoIjZ3KHY4gA&oe=6393C88E&_nc_sid=282b66,false
48495189658,shreyas_kartik,shreyas,https://instagram.fblr24-1.fna.fbcdn.net/v/t51.2885-19/300311654_551134810142549_8255543571921233500_n.jpg?stp=dst-jpg_s150x150&_nc_ht=instagram.fblr24-1.fna.fbcdn.net&_nc_cat=105&_nc_ohc=47RLdPMd2hQAX_iEaGs&tn=XJXMlLSQOJi2aAh6&edm=AOG-cTkBAAAA&ccb=7-5&oh=00_AfCyp1cYimueaQAqMfAqoKLWY5CU4qn37ohxazs57ZvaZA&oe=6393A56C&_nc_sid=282b66,false
16452918765,gavrasquinha,Gavin Dhruv Rasquinha,https://instagram.fblr24-2.fna.fbcdn.net/v/t51.2885-19/263565101_444779473942785_2368876088177819288_n.jpg?stp=dst-jpg_s150x150&_nc_ht=instagram.fblr24-2.fna.fbcdn.net&_nc_cat=109&_nc_ohc=pd8yRpGT5xkAX_z6Ltm&edm=AOG-cTkBAAAA&ccb=7-5&oh=00_AfBTLUsPknKdw9EJp2Fn2GT4D_6FSG03dqeg9wcoa4w5Ug&oe=6394B34A&_nc_sid=282b66,false
14112210367,niharika_cherry,NIHARIKA S.K,https://instagram.fblr24-2.fna.fbcdn.net/v/t51.2885-19/295993209_1220798682050709_4223302951652956529_n.jpg?stp=dst-jpg_s150x150&_nc_ht=instagram.fblr24-2.fna.fbcdn.net&_nc_cat=109&_nc_ohc=0oaLtxjr8j0AX87NlW0&edm=AOG-cTkBAAAA&ccb=7-5&oh=00_AfByhcEZIpZi4nfZBznFxQX4R8C1ZK4y0B7MrMJWkJJusQ&oe=6393A2A8&_nc_sid=282b66,false
33375790917,joannecherian,Joanne Cherian,https://instagram.fblr24-1.fna.fbcdn.net/v/t51.2885-19/316161535_1562981914508268_7853440267285012843_n.jpg?stp=dst-jpg_s150x150&_nc_ht=instagram.fblr24-1.fna.fbcdn.net&_nc_cat=100&_nc_ohc=wTEma5p2APQAX-zXxTg&edm=AOG-cTkBAAAA&ccb=7-5&oh=00_AfDRN4kb7EP8qEd-HyLn0U-i3Yhp9E2ny1tL0Nl91naLcQ&oe=63949BBE&_nc_sid=282b66,false
1315770432,abhinitikamalesh,Abhiniti Kamalesh,https://instagram.fblr24-1.fna.fbcdn.net/v/t51.2885-19/243029721_724661701728170_387137660979933908_n.jpg?stp=dst-jpg_s150x150&_nc_ht=instagram.fblr24-1.fna.fbcdn.net&_nc_cat=102&_nc_ohc=Qenn6fwXY4UAX_0ta_O&edm=AOG-cTkBAAAA&ccb=7-5&oh=00_AfDJjAZyEaxJWdpOK0vGVvO8S1cfKLpiPPRIThNRWT8lSw&oe=639323A8&_nc_sid=282b66,false
46758903135,pnx.jayden,Jaydenbb,https://instagram.fblr24-2.fna.fbcdn.net/v/t51.2885-19/239645811_3076369706017677_7242448986303862235_n.jpg?stp=dst-jpg_s150x150&_nc_ht=instagram.fblr24-2.fna.fbcdn.net&_nc_cat=109&_nc_ohc=IlouyPzIlKwAX9J1PQI&edm=AOG-cTkBAAAA&ccb=7-5&oh=00_AfAQQSA-o3DATf2Rqen_bc4CvjqNIsVgmHz-2Q-XjdCMzQ&oe=63936E11&_nc_sid=282b66,false
46753907763,hdhdhshsjwjjwhegehaj,Hi,https://instagram.fblr24-1.fna.fbcdn.net/v/t51.2885-19/275600428_1005307163398267_8533844227312569436_n.jpg?stp=dst-jpg_s150x150&_nc_ht=instagram.fblr24-1.fna.fbcdn.net&_nc_cat=107&_nc_ohc=gKogwpn130sAX8yrK_p&edm=AOG-cTkBAAAA&ccb=7-5&oh=00_AfC6ybtSlqZTl5hEtbs0HkDassaj9bUtATwZlw4NRFkSqQ&oe=63945CC9&_nc_sid=282b66,false
37683402066,vedshetty_01,Ved,https://instagram.fblr24-1.fna.fbcdn.net/v/t51.2885-19/311990483_419302553716997_1380413350130290893_n.jpg?stp=dst-jpg_s150x150&_nc_ht=instagram.fblr24-1.fna.fbcdn.net&_nc_cat=105&_nc_ohc=SvZRnSopFqMAX-xUXKh&edm=AOG-cTkBAAAA&ccb=7-5&oh=00_AfDfAnMNMQSWbgRnCqLy9pCLd0nC79ypaUFG0kK8DUUAbQ&oe=639459F0&_nc_sid=282b66,false
45769457450,mxhxieee,Mahi,https://instagram.fblr24-1.fna.fbcdn.net/v/t51.2885-19/317999857_547055966896051_6914098615000384297_n.jpg?stp=dst-jpg_s150x150&_nc_ht=instagram.fblr24-1.fna.fbcdn.net&_nc_cat=107&_nc_ohc=kaT7To5IwMsAX_Nxg0t&edm=AOG-cTkBAAAA&ccb=7-5&oh=00_AfBx94xRx7z32B68UApzeyPqDhmxeoqms_kuyPjWO9Ea6g&oe=6393E0AB&_nc_sid=282b66,false
46994824171,joshua_pvttt,joshua rodrigo,https://instagram.fblr24-2.fna.fbcdn.net/v/t51.2885-19/312982466_2130164697185638_4702632521622037097_n.jpg?stp=dst-jpg_s150x150&_nc_ht=instagram.fblr24-2.fna.fbcdn.net&_nc_cat=110&_nc_ohc=gN9_8VjYlPYAX_OWsbN&tn=XJXMlLSQOJi2aAh6&edm=AOG-cTkBAAAA&ccb=7-5&oh=00_AfDEhANZoqgtAigPN0zXbkKs955GxgI8g_xUpUN-tJZJ6Q&oe=639411A7&_nc_sid=282b66,false
42928796329,bhavyeet_69,Bevya,https://instagram.fblr24-1.fna.fbcdn.net/v/t51.2885-19/309140303_507450624081222_6363754301228638981_n.jpg?stp=dst-jpg_s150x150&_nc_ht=instagram.fblr24-1.fna.fbcdn.net&_nc_cat=106&_nc_ohc=v9K1bAEUOioAX8HqqIm&edm=AOG-cTkBAAAA&ccb=7-5&oh=00_AfDDPcL9KbnNkH5yICFa0G8V4wuM12qCub4wsWDYyVfyzA&oe=63940504&_nc_sid=282b66,false
38958555961,anirudhh.10,anirudh,https://instagram.fblr24-2.fna.fbcdn.net/v/t51.2885-19/314113253_8598570443549468_1192748836620062306_n.jpg?stp=dst-jpg_s150x150&_nc_ht=instagram.fblr24-2.fna.fbcdn.net&_nc_cat=108&_nc_ohc=EiRFn_g7XyUAX-OMtLe&edm=AOG-cTkBAAAA&ccb=7-5&oh=00_AfCQVCDE8LTvG7ziCy8_PGBFWiT0tcTwvZzUsfZjbyQS2A&oe=6393F1C5&_nc_sid=282b66,false
46530751035,ayshalmfao,Aysha,https://instagram.fblr24-1.fna.fbcdn.net/v/t51.2885-19/318159539_830271971642052_1025011118049274343_n.jpg?stp=dst-jpg_s150x150&_nc_ht=instagram.fblr24-1.fna.fbcdn.net&_nc_cat=100&_nc_ohc=2MFXYTRNT3YAX9KzzzS&edm=AOG-cTkBAAAA&ccb=7-5&oh=00_AfBlwYPvnNUubzs9mrCFMV7gitCeTE6JByw1s9NHE_S5wg&oe=6393C6F6&_nc_sid=282b66,false
44427804678,meghan_wolf_0708,Nia Lobo,https://instagram.fblr24-1.fna.fbcdn.net/v/t51.2885-19/286907654_185796283787043_3521981818721554901_n.jpg?stp=dst-jpg_s150x150&_nc_ht=instagram.fblr24-1.fna.fbcdn.net&_nc_cat=103&_nc_ohc=lBWihzFO8v4AX_vUWs5&edm=AOG-cTkBAAAA&ccb=7-5&oh=00_AfC2J4nAo4XZ8PO5EN9P3foLfWq6MVoyV9OwyikgIn33QA&oe=63935EBF&_nc_sid=282b66,false
44972629284,thrisha.priv,Ur mom,https://instagram.fblr24-1.fna.fbcdn.net/v/t51.2885-19/313188658_418174683837984_996096736338143645_n.jpg?stp=dst-jpg_s150x150&_nc_ht=instagram.fblr24-1.fna.fbcdn.net&_nc_cat=100&_nc_ohc=98Pg3jSZyCgAX_3QZDN&tn=XJXMlLSQOJi2aAh6&edm=AOG-cTkBAAAA&ccb=7-5&oh=00_AfAacdOnHmdOpfUAQ9adOnqyF1PWECZGkagL-qnARDI8eg&oe=6393E1E9&_nc_sid=282b66,false
45142117403,shreya.rajagopal008,Shreya Rajagopal,https://instagram.fblr24-1.fna.fbcdn.net/v/t51.2885-19/302497601_124691433649914_8166080580889781544_n.jpg?stp=dst-jpg_s150x150&_nc_ht=instagram.fblr24-1.fna.fbcdn.net&_nc_cat=106&_nc_ohc=Vg5nq3q9OmEAX95V852&tn=XJXMlLSQOJi2aAh6&edm=AOG-cTkBAAAA&ccb=7-5&oh=00_AfAE4FbeTrlDNMm8DAbWhYCLAqtTz6VVviEaKQWrD_150w&oe=6394EDBA&_nc_sid=282b66,false
32985282310,urlocalpigeonbrain,Aratrika,https://instagram.fblr24-1.fna.fbcdn.net/v/t51.2885-19/317704314_5778799698846900_2032169944287015165_n.jpg?stp=dst-jpg_s150x150&_nc_ht=instagram.fblr24-1.fna.fbcdn.net&_nc_cat=100&_nc_ohc=90TXbESdE1QAX-FpPBy&tn=XJXMlLSQOJi2aAh6&edm=AOG-cTkBAAAA&ccb=7-5&oh=00_AfCFlcDfVHKbE45S3ZXP9CltwgOz_7nDsU_SO79T68FkCg&oe=6393C643&_nc_sid=282b66,false
45143973942,angel_taehyxng,‚Äî;‚òÜ xhae,https://instagram.fblr24-1.fna.fbcdn.net/v/t51.2885-19/272655395_354324256213249_3364687545610949469_n.jpg?stp=dst-jpg_s150x150&_nc_ht=instagram.fblr24-1.fna.fbcdn.net&_nc_cat=101&_nc_ohc=v_Bn-scJbQUAX-PoyyQ&edm=AOG-cTkBAAAA&ccb=7-5&oh=00_AfAbPXtXPtv1Yy-X7wdDOZmiOg_CjZql6E-_iq_fQmWhZw&oe=6394C2CF&_nc_sid=282b66,false
44810477298,_nik.r_,Nikhil,https://instagram.fmkz1-1.fna.fbcdn.net/v/t51.2885-19/44884218_345707102882519_2446069589734326272_n.jpg?_nc_ht=instagram.fmkz1-1.fna.fbcdn.net&_nc_cat=1&_nc_ohc=uM88MCE8Dx4AX_F9izc&edm=AJ9x6zYBAAAA&ccb=7-5&ig_cache_key=YW5vbnltb3VzX3Byb2ZpbGVfcGlj.2-ccb7-5&oh=00_AfCswW7mP5tHaYx8LHLmFQRoGhKUJ0mdulRmwEF7z_q_Tg&oe=6394944F&_nc_sid=cff2a4,false
27607229411,_.kavya.arjun._,kavya,https://instagram.fblr24-2.fna.fbcdn.net/v/t51.2885-19/309669886_573707321215581_829606516175988051_n.jpg?stp=dst-jpg_s150x150&_nc_ht=instagram.fblr24-2.fna.fbcdn.net&_nc_cat=109&_nc_ohc=MeHjVyNpqGcAX88nqV9&edm=AOG-cTkBAAAA&ccb=7-5&oh=00_AfAINEfO0Cl-iRXu4gZq1eANFoQawgX-dnWDWvAVGdJTEA&oe=63941282&_nc_sid=282b66,false
24751785094,pojiraaa,thenotoriousratboy,https://instagram.fblr24-2.fna.fbcdn.net/v/t51.2885-19/310793456_664158378476757_1999501885160476686_n.jpg?stp=dst-jpg_s150x150&_nc_ht=instagram.fblr24-2.fna.fbcdn.net&_nc_cat=109&_nc_ohc=hY1SVF7dmTMAX-gAuiG&tn=XJXMlLSQOJi2aAh6&edm=AOG-cTkBAAAA&ccb=7-5&oh=00_AfAt5SjZRzqMx34xWmpsi3-tbUYsJfn9VGSrsKbpeHl9Pw&oe=6393F0D3&_nc_sid=282b66,false
3187024911,bucketfullofrain,neel nair,https://instagram.fblr24-1.fna.fbcdn.net/v/t51.2885-19/283539823_984895265555346_5758265755435065276_n.jpg?stp=dst-jpg_s150x150&_nc_ht=instagram.fblr24-1.fna.fbcdn.net&_nc_cat=106&_nc_ohc=2VxaAqI1WDMAX9Gfrul&edm=AOG-cTkBAAAA&ccb=7-5&oh=00_AfAfNSGTD6GjAepq7bx9lGnSc759d0aUS1880hT5k6JzwQ&oe=6393B546&_nc_sid=282b66,false
45251360572,ayushkiran10,onsaw,https://instagram.fblr24-1.fna.fbcdn.net/v/t51.2885-19/299898244_777652843383135_5937610045701677602_n.jpg?stp=dst-jpg_s150x150&_nc_ht=instagram.fblr24-1.fna.fbcdn.net&_nc_cat=103&_nc_ohc=BLsVlpeeKn0AX9Etfuv&edm=AOG-cTkBAAAA&ccb=7-5&oh=00_AfByZYeXSe7pICEkPWGH8BvikHqAT3NckB0Z5lyrRREAIQ&oe=6393135E&_nc_sid=282b66,false
38649108342,saisha_kanaiya,saisha,https://instagram.fmkz1-1.fna.fbcdn.net/v/t51.2885-19/44884218_345707102882519_2446069589734326272_n.jpg?_nc_ht=instagram.fmkz1-1.fna.fbcdn.net&_nc_cat=1&_nc_ohc=uM88MCE8Dx4AX_F9izc&edm=AJ9x6zYBAAAA&ccb=7-5&ig_cache_key=YW5vbnltb3VzX3Byb2ZpbGVfcGlj.2-ccb7-5&oh=00_AfCswW7mP5tHaYx8LHLmFQRoGhKUJ0mdulRmwEF7z_q_Tg&oe=6394944F&_nc_sid=cff2a4,false
25778799796,nollaunjo,JOANNAü§ç,https://instagram.fblr24-1.fna.fbcdn.net/v/t51.2885-19/316858727_1804679466564004_3955273873221504688_n.jpg?stp=dst-jpg_s150x150&_nc_ht=instagram.fblr24-1.fna.fbcdn.net&_nc_cat=104&_nc_ohc=x-Qt7JsN07YAX9wSn4e&edm=AOG-cTkBAAAA&ccb=7-5&oh=00_AfD-7mzncJb8gyGCMuIClY1SMFrC8ow-0eAa29RvERUDMA&oe=6393C147&_nc_sid=282b66,false
44100347048,shriyajoshi__,shriya,https://instagram.fblr24-2.fna.fbcdn.net/v/t51.2885-19/316999721_746558203616228_5921431790477032157_n.jpg?stp=dst-jpg_s150x150&_nc_ht=instagram.fblr24-2.fna.fbcdn.net&_nc_cat=108&_nc_ohc=ms4-MPtRY80AX_J2wiP&edm=AOG-cTkBAAAA&ccb=7-5&oh=00_AfCeDg6b_o_OyY48mrJxWWZ9tN9rQoltDmnlEftHoz9w9g&oe=63944F9C&_nc_sid=282b66,false
43972405318,achilles__ali,Achilles,https://instagram.fblr24-1.fna.fbcdn.net/v/t51.2885-19/121415171_812348372911072_7059226642803441072_n.jpg?stp=dst-jpg_s150x150&_nc_ht=instagram.fblr24-1.fna.fbcdn.net&_nc_cat=104&_nc_ohc=zRv9uJr3UUgAX9QA33p&edm=AOG-cTkBAAAA&ccb=7-5&oh=00_AfAdQKZTaTvrC37QauZLHy9ATA8E_5CRHmnV0bd0iTCuRg&oe=6394C86E&_nc_sid=282b66,false
36785929645,cherin.thomas,Cherin Thomas,https://instagram.fblr24-2.fna.fbcdn.net/v/t51.2885-19/303909174_638055747610449_2136453720859247490_n.jpg?stp=dst-jpg_s150x150&_nc_ht=instagram.fblr24-2.fna.fbcdn.net&_nc_cat=109&_nc_ohc=vhpMt2zhwcYAX_mZYW3&edm=AOG-cTkBAAAA&ccb=7-5&oh=00_AfBcNf9nJYFbBU_cRGrrh_19jnCrrtIyE-_WuUznfyNLxw&oe=639323AC&_nc_sid=282b66,false
13811359536,tan301295,ùïãùïíùïüùïöùï§ùïôùïí,https://instagram.fblr24-1.fna.fbcdn.net/v/t51.2885-19/310112254_473640334564002_3821998364120487697_n.jpg?stp=dst-jpg_s150x150&_nc_ht=instagram.fblr24-1.fna.fbcdn.net&_nc_cat=106&_nc_ohc=95LxNhC3tkUAX-Nspcl&edm=AOG-cTkBAAAA&ccb=7-5&oh=00_AfAtrR0GPEureTqT7l3by_Ft3c8BaVuFdg2DMNZbqmlOKA&oe=6394DA2C&_nc_sid=282b66,false
17123272767,tanya.2113,üßö‚Äç‚ôÇÔ∏èùöÉùô∞ùôΩùöàùô∞üßö,https://instagram.fblr24-1.fna.fbcdn.net/v/t51.2885-19/290364588_358119393132808_9005235233504302424_n.jpg?stp=dst-jpg_s150x150&_nc_ht=instagram.fblr24-1.fna.fbcdn.net&_nc_cat=104&_nc_ohc=vd976c7pUDoAX_9Ygg4&edm=AOG-cTkBAAAA&ccb=7-5&oh=00_AfC2bjXAjQKyAykPFpoK0isJI9n3sxW4rdC6MDp1pl6Diw&oe=6393AC54&_nc_sid=282b66,false
39931343202,ishaan.privvvvvvv,IsHAan.privv,https://instagram.fblr24-1.fna.fbcdn.net/v/t51.2885-19/150581304_178648927027973_8600304435063725076_n.jpg?stp=dst-jpg_s150x150&_nc_ht=instagram.fblr24-1.fna.fbcdn.net&_nc_cat=105&_nc_ohc=ScpPBmaLWRAAX8JVpN_&edm=AOG-cTkBAAAA&ccb=7-5&oh=00_AfC_UdUqCO5o6G02A0_4yDURxMtmfqqUfDYIi5t9_dzM2Q&oe=6394161C&_nc_sid=282b66,false
30314625420,umxr_30,ùô™ùô¢ùôñùôß ü¶ñ,https://instagram.fblr24-1.fna.fbcdn.net/v/t51.2885-19/314068073_1463567297387811_6939127860591896273_n.jpg?stp=dst-jpg_s150x150&_nc_ht=instagram.fblr24-1.fna.fbcdn.net&_nc_cat=103&_nc_ohc=_vDeMtaVxX0AX9cpSeZ&tn=XJXMlLSQOJi2aAh6&edm=AOG-cTkBAAAA&ccb=7-5&oh=00_AfBU_tyLwFV3fLRiCBB2Phq9_9Gvm6sRyN17hKKYWgctEg&oe=63935DA5&_nc_sid=282b66,false
27545908104,arjunjames6,Arjun,https://instagram.fblr24-1.fna.fbcdn.net/v/t51.2885-19/306019586_953967665560409_7644431881172707045_n.jpg?stp=dst-jpg_s150x150&_nc_ht=instagram.fblr24-1.fna.fbcdn.net&_nc_cat=105&_nc_ohc=ZzvBq4UqHSgAX9rX2LL&edm=AOG-cTkBAAAA&ccb=7-5&oh=00_AfCtWxeyYt_S09G-i0u8fkde5kGhrJAh72CVsxxxu7b6qw&oe=63941D3E&_nc_sid=282b66,false
42454683142,_.butterfly_.7,Nandika,https://instagram.fblr24-1.fna.fbcdn.net/v/t51.2885-19/242194674_2915576445332536_5090002032771923669_n.jpg?stp=dst-jpg_s150x150&_nc_ht=instagram.fblr24-1.fna.fbcdn.net&_nc_cat=104&_nc_ohc=a1OZEBP6jksAX9sRaEP&edm=AOG-cTkBAAAA&ccb=7-5&oh=00_AfD3vMz35_jn0SgBFhMKX5g8GlLNeUXtCriUmkmM2Tg2IQ&oe=63942F61&_nc_sid=282b66,false
44853999737,arjunramdas_,Arjun Ramdas,https://instagram.fblr24-2.fna.fbcdn.net/v/t51.2885-19/317263480_903197117333529_805086507262758871_n.jpg?stp=dst-jpg_s150x150&_nc_ht=instagram.fblr24-2.fna.fbcdn.net&_nc_cat=109&_nc_ohc=K1yxqAfHURIAX-2vOQt&edm=AOG-cTkBAAAA&ccb=7-5&oh=00_AfCa5rBMUyTzBIpid9a-t18rkaDUW5bCPILRsdHWK1F5KQ&oe=63935525&_nc_sid=282b66,false
28428068142,lalith.38,lalith,https://instagram.fblr24-2.fna.fbcdn.net/v/t51.2885-19/295774504_1401442033702700_6523047768784063599_n.jpg?stp=dst-jpg_s150x150&_nc_ht=instagram.fblr24-2.fna.fbcdn.net&_nc_cat=108&_nc_ohc=Z0ohGt8HHa0AX_kLokd&tn=XJXMlLSQOJi2aAh6&edm=AOG-cTkBAAAA&ccb=7-5&oh=00_AfAfLui-IS3l-ZMAcJ7SWRU9EVI6YLjb3Zs5hiz6gc9pLg&oe=6393FAFC&_nc_sid=282b66,false
32569518086,nikhilsampath_,nikhil üåë,https://instagram.fblr24-1.fna.fbcdn.net/v/t51.2885-19/293639956_1234017380757436_3941732957526792230_n.jpg?stp=dst-jpg_s150x150&_nc_ht=instagram.fblr24-1.fna.fbcdn.net&_nc_cat=104&_nc_ohc=M7R56TVFMMgAX8r-mjB&edm=AOG-cTkBAAAA&ccb=7-5&oh=00_AfAev_BuAjIypobuqNft7G7SqjUZtdGZBqtPGsJpGXTNaQ&oe=63948D79&_nc_sid=282b66,false
17889143888,_palak_911,palaküî™,https://instagram.fblr24-1.fna.fbcdn.net/v/t51.2885-19/297759678_406522308015397_2568167756685387758_n.jpg?stp=dst-jpg_s150x150&_nc_ht=instagram.fblr24-1.fna.fbcdn.net&_nc_cat=101&_nc_ohc=4VtoiVJKonoAX9vWmqr&tn=XJXMlLSQOJi2aAh6&edm=AOG-cTkBAAAA&ccb=7-5&oh=00_AfDbzgWdJmKVVkDTvj5Mge9vIrs8d8k51gpDATwmNN0lTw&oe=63945EA0&_nc_sid=282b66,false
42206923411,chiranjeev_navin,jeev,https://instagram.fblr24-2.fna.fbcdn.net/v/t51.2885-19/317227333_425262902988863_1080245839568647037_n.jpg?stp=dst-jpg_s150x150&_nc_ht=instagram.fblr24-2.fna.fbcdn.net&_nc_cat=111&_nc_ohc=4PSf8l6A1esAX8nKLQO&edm=AOG-cTkBAAAA&ccb=7-5&oh=00_AfCWZJe-GqD6psCrgDZRhfG4NjYnySZeZvmga3yNVPH8AQ&oe=639465F3&_nc_sid=282b66,false
43987359215,tushitakapoor_,Tushita,https://instagram.fblr24-2.fna.fbcdn.net/v/t51.2885-19/316929566_897602871621152_313599478738901598_n.jpg?stp=dst-jpg_s150x150&_nc_ht=instagram.fblr24-2.fna.fbcdn.net&_nc_cat=108&_nc_ohc=CvjG-Uw4GmUAX8YUbNN&edm=AOG-cTkBAAAA&ccb=7-5&oh=00_AfA9F8fVRV9KurqQWDVhy7JdayBWy-s7B_WDUBR_1n5eNw&oe=63932645&_nc_sid=282b66,false
34220445449,eshanvivyass,,https://instagram.fblr24-1.fna.fbcdn.net/v/t51.2885-19/314635063_5585980544853926_4769323197317914325_n.jpg?stp=dst-jpg_s150x150&_nc_ht=instagram.fblr24-1.fna.fbcdn.net&_nc_cat=102&_nc_ohc=SDWCLyM7wp8AX_TMXcO&tn=XJXMlLSQOJi2aAh6&edm=AOG-cTkBAAAA&ccb=7-5&oh=00_AfBRWheXgqFrdn7jmG3XnOF2t9Wt4h8djG9bzQP1pg2yuA&oe=6393552A&_nc_sid=282b66,false
12616036534,enakshi.15,Ena‚ô¶Ô∏è,https://instagram.fblr24-1.fna.fbcdn.net/v/t51.2885-19/313920708_5369007786543338_3156050996407073864_n.jpg?stp=dst-jpg_s150x150&_nc_ht=instagram.fblr24-1.fna.fbcdn.net&_nc_cat=102&_nc_ohc=9_RHVE6XFY8AX8E6tQP&edm=AOG-cTkBAAAA&ccb=7-5&oh=00_AfCNqMr6TZHezCoy2rOuespjDu3lyJC3OJ3DWeDMMbARUg&oe=63931484&_nc_sid=282b66,false
44372398994,_rayaan_khan,R√†yaan Khan,https://instagram.fblr24-2.fna.fbcdn.net/v/t51.2885-19/310286700_612619980413315_3596977108194326196_n.jpg?stp=dst-jpg_s150x150&_nc_ht=instagram.fblr24-2.fna.fbcdn.net&_nc_cat=111&_nc_ohc=FP4UZIwTfQYAX-Tmsl2&edm=AOG-cTkBAAAA&ccb=7-5&oh=00_AfBh9v6ZwITR3EKkVYyTkQXeR1sGw_0ztwfXfOi96FtZJw&oe=639371F2&_nc_sid=282b66,false
42518513826,myraamalhotraa,Myraa,https://instagram.fblr24-2.fna.fbcdn.net/v/t51.2885-19/307419667_833408478026625_8461331892080587048_n.jpg?stp=dst-jpg_s150x150&_nc_ht=instagram.fblr24-2.fna.fbcdn.net&_nc_cat=109&_nc_ohc=5Hy-ER3blAcAX9ZSCnP&edm=AOG-cTkBAAAA&ccb=7-5&oh=00_AfDQEg4AMUo4xmHQ-sKltK7nAfPPoye8kxb7fR3GVmBlXw&oe=63949BB4&_nc_sid=282b66,false
7738360391,giannah.mahtaniii,giannah,https://instagram.fblr24-2.fna.fbcdn.net/v/t51.2885-19/310442071_441249587901273_271994023215171143_n.jpg?stp=dst-jpg_s150x150&_nc_ht=instagram.fblr24-2.fna.fbcdn.net&_nc_cat=109&_nc_ohc=B-sCqbXFGVkAX9BeeUR&edm=AOG-cTkBAAAA&ccb=7-5&oh=00_AfBZmeIrQi77yF3ziJ0arIClZOUUPXepE5Ja20ESxY5wTw&oe=6393306D&_nc_sid=282b66,false
19128753320,navya_rangarajan,Navya,https://instagram.fblr24-1.fna.fbcdn.net/v/t51.2885-19/308008049_615960600108390_6148167565006298870_n.jpg?stp=dst-jpg_s150x150&_nc_ht=instagram.fblr24-1.fna.fbcdn.net&_nc_cat=106&_nc_ohc=lsPKk7uRnj4AX-oB8sU&edm=AOG-cTkBAAAA&ccb=7-5&oh=00_AfDjyyN0KeVLN5j98Ob19ValbO9KBjOaM7IwMfgIwBkWDA&oe=639326DD&_nc_sid=282b66,false
45514913356,dibidibi_durriya_,Durriya,https://instagram.fblr24-2.fna.fbcdn.net/v/t51.2885-19/300782768_398880999046991_1015415311384506316_n.jpg?stp=dst-jpg_s150x150&_nc_ht=instagram.fblr24-2.fna.fbcdn.net&_nc_cat=111&_nc_ohc=8__rteb_q0UAX8sW8Gq&edm=AOG-cTkBAAAA&ccb=7-5&oh=00_AfAAy7QtIo6ztgpqBtBoBaffk8OuENWspQ59a3xOrVP7Ng&oe=6393FA27&_nc_sid=282b66,false
1165865509,neemafernandes,Neema Fernandes,https://instagram.fblr24-1.fna.fbcdn.net/v/t51.2885-19/284131262_100733509317050_5721175324065810787_n.jpg?stp=dst-jpg_s150x150&_nc_ht=instagram.fblr24-1.fna.fbcdn.net&_nc_cat=102&_nc_ohc=LXjRdLYof9sAX9VW5Oy&edm=AOG-cTkBAAAA&ccb=7-5&oh=00_AfAoLqXplRVmwSG0RUG1KaFOUsLk9Bf5-CPQqRVYagnD_A&oe=63938B39&_nc_sid=282b66,false
44999124826,siamathew._,sia,https://instagram.fblr24-1.fna.fbcdn.net/v/t51.2885-19/317766721_191195053489344_6000550610649332256_n.jpg?stp=dst-jpg_s150x150&_nc_ht=instagram.fblr24-1.fna.fbcdn.net&_nc_cat=100&_nc_ohc=hPlBQeGwi50AX9g5d9K&edm=AOG-cTkBAAAA&ccb=7-5&oh=00_AfCKiIoXOR4wfdzRUEt_Iq6kiADQZ_fXBt7wIEdvO4ANkQ&oe=6394EE93&_nc_sid=282b66,false
40171994105,diya_4971,Diya,https://instagram.fblr24-2.fna.fbcdn.net/v/t51.2885-19/300822250_636709997651915_5194800132608181175_n.jpg?stp=dst-jpg_s150x150&_nc_ht=instagram.fblr24-2.fna.fbcdn.net&_nc_cat=111&_nc_ohc=fsIcOfHibKMAX_s5T1D&edm=AOG-cTkBAAAA&ccb=7-5&oh=00_AfDUkUHS4M4DVizcs0YOm-UDM6oedXdgmycFI5Qlqqb6iQ&oe=6394814A&_nc_sid=282b66,false
4169501927,minette_patricia,Minette,https://instagram.fblr24-1.fna.fbcdn.net/v/t51.2885-19/91124192_2639820469473876_7719643766788718592_n.jpg?stp=dst-jpg_s150x150&_nc_ht=instagram.fblr24-1.fna.fbcdn.net&_nc_cat=100&_nc_ohc=Hg0x9Yg7J1gAX_jNcK6&edm=AOG-cTkBAAAA&ccb=7-5&oh=00_AfBo_QCR2uw_4NGOUJpYgMiqF5Ce9eMSCmQOXWqjnP1CIA&oe=6393299C&_nc_sid=282b66,false
30762652919,thrxshaa,Thrisha,https://instagram.fblr24-1.fna.fbcdn.net/v/t51.2885-19/309252421_494380575884550_5564727343656973246_n.jpg?stp=dst-jpg_s150x150&_nc_ht=instagram.fblr24-1.fna.fbcdn.net&_nc_cat=106&_nc_ohc=AkBCon1cRTAAX9R88Wp&edm=AOG-cTkBAAAA&ccb=7-5&oh=00_AfDE0vZiPhRa40MyZ__M0V6fIQhp1Sxxp1G8Ea-iAZIBpA&oe=639310AB&_nc_sid=282b66,false
39734583668,rhxx4._,rhea fr‚ù§Ô∏è,https://instagram.fblr24-1.fna.fbcdn.net/v/t51.2885-19/316119620_476282187927472_5340788744809213199_n.jpg?stp=dst-jpg_s150x150&_nc_ht=instagram.fblr24-1.fna.fbcdn.net&_nc_cat=104&_nc_ohc=ybzukazNyWsAX9JPj-t&edm=AOG-cTkBAAAA&ccb=7-5&oh=00_AfATzStI5bd7zJ_kOiw9JCCvYfTgDVSswcRRoN9wKY6q7Q&oe=639414A3&_nc_sid=282b66,false
1169274370,michellelvis07,Dan Elvis Felton,https://instagram.fblr24-1.fna.fbcdn.net/v/t51.2885-19/275201563_122335433494286_2419094742664947530_n.jpg?stp=dst-jpg_s150x150&_nc_ht=instagram.fblr24-1.fna.fbcdn.net&_nc_cat=102&_nc_ohc=blo4FgqD0kYAX8tZN4S&edm=AOG-cTkBAAAA&ccb=7-5&oh=00_AfCYB7wa1NFDGo38YTXrhfm7UxBPENGdipbFU5IhxNom5g&oe=6394BCA2&_nc_sid=282b66,false
21062495302,vishnuiyengar20,vishnuüßä,https://instagram.fmkz1-1.fna.fbcdn.net/v/t51.2885-19/44884218_345707102882519_2446069589734326272_n.jpg?_nc_ht=instagram.fmkz1-1.fna.fbcdn.net&_nc_cat=1&_nc_ohc=uM88MCE8Dx4AX_F9izc&edm=AJ9x6zYBAAAA&ccb=7-5&ig_cache_key=YW5vbnltb3VzX3Byb2ZpbGVfcGlj.2-ccb7-5&oh=00_AfCswW7mP5tHaYx8LHLmFQRoGhKUJ0mdulRmwEF7z_q_Tg&oe=6394944F&_nc_sid=cff2a4,false
44854627507,abdesignsss,AB designsüíñ,https://instagram.fblr24-1.fna.fbcdn.net/v/t51.2885-19/247802427_418469336318069_1587406006778303088_n.jpg?stp=dst-jpg_s150x150&_nc_ht=instagram.fblr24-1.fna.fbcdn.net&_nc_cat=105&_nc_ohc=SmE9KE9AQ78AX_OU4Gf&edm=AOG-cTkBAAAA&ccb=7-5&oh=00_AfC1p1J-p9PHrTbsIm9s2wGX4I4XS6ycFP5dljWRKfMgGA&oe=6394351F&_nc_sid=282b66,false
35123372590,mahi_rajeshirke,Mahi,https://instagram.fblr24-2.fna.fbcdn.net/v/t51.2885-19/316861000_532967895051875_4879095949630034213_n.jpg?stp=dst-jpg_s150x150&_nc_ht=instagram.fblr24-2.fna.fbcdn.net&_nc_cat=111&_nc_ohc=fIQ3MubUIVYAX8fcd8t&edm=AOG-cTkBAAAA&ccb=7-5&oh=00_AfD83-jB1go920c20FnfoFGs61qgI60hbB_y2WT-4wglTQ&oe=6394569E&_nc_sid=282b66,false
21492602675,jaydennn_meyer,;),https://instagram.fmkz1-1.fna.fbcdn.net/v/t51.2885-19/44884218_345707102882519_2446069589734326272_n.jpg?_nc_ht=instagram.fmkz1-1.fna.fbcdn.net&_nc_cat=1&_nc_ohc=uM88MCE8Dx4AX_F9izc&edm=AJ9x6zYBAAAA&ccb=7-5&ig_cache_key=YW5vbnltb3VzX3Byb2ZpbGVfcGlj.2-ccb7-5&oh=00_AfCswW7mP5tHaYx8LHLmFQRoGhKUJ0mdulRmwEF7z_q_Tg&oe=6394944F&_nc_sid=cff2a4,false
35660102110,zxra_dcosta,zara,https://instagram.fmkz1-1.fna.fbcdn.net/v/t51.2885-19/44884218_345707102882519_2446069589734326272_n.jpg?_nc_ht=instagram.fmkz1-1.fna.fbcdn.net&_nc_cat=1&_nc_ohc=uM88MCE8Dx4AX_F9izc&edm=AJ9x6zYBAAAA&ccb=7-5&ig_cache_key=YW5vbnltb3VzX3Byb2ZpbGVfcGlj.2-ccb7-5&oh=00_AfCswW7mP5tHaYx8LHLmFQRoGhKUJ0mdulRmwEF7z_q_Tg&oe=6394944F&_nc_sid=cff2a4,false
44114483861,_nish.xd_, ô Ä·¥á·¥Ä·¥Ö,https://instagram.fblr24-2.fna.fbcdn.net/v/t51.2885-19/311165216_837990837215279_1323187133810845664_n.jpg?stp=dst-jpg_s150x150&_nc_ht=instagram.fblr24-2.fna.fbcdn.net&_nc_cat=111&_nc_ohc=URviZhR4n5AAX8k4NsX&edm=AOG-cTkBAAAA&ccb=7-5&oh=00_AfA19CRreocYeww8prNhCeNTcT1GZ7-4CNAzVjikTXRjMA&oe=6394A1D1&_nc_sid=282b66,false
12979693709,r1shz,rishi,https://instagram.fblr24-1.fna.fbcdn.net/v/t51.2885-19/291126863_736478720729801_6313441663572647561_n.jpg?stp=dst-jpg_s150x150&_nc_ht=instagram.fblr24-1.fna.fbcdn.net&_nc_cat=105&_nc_ohc=T8PBvwSATgwAX8LmpIo&tn=XJXMlLSQOJi2aAh6&edm=AOG-cTkBAAAA&ccb=7-5&oh=00_AfC411apdDy2Wop0CWHJkXxJ9sSR2zLAPcM0dLXef9Ynag&oe=63948766&_nc_sid=282b66,false
40116635866,1shaan14,‚ö°Ô∏è,https://instagram.fblr24-2.fna.fbcdn.net/v/t51.2885-19/318141722_686763893062545_755895629776531538_n.jpg?stp=dst-jpg_s150x150&_nc_ht=instagram.fblr24-2.fna.fbcdn.net&_nc_cat=109&_nc_ohc=mzxqkm1ZWHEAX91RmA1&edm=AOG-cTkBAAAA&ccb=7-5&oh=00_AfDvGJfB0R5YuKAucxI_1_06GfFhx2-xhod6srn0SQ87tg&oe=63934D0D&_nc_sid=282b66,false
8517740889,melania.marissa,melania,https://instagram.fblr24-2.fna.fbcdn.net/v/t51.2885-19/313651655_201159695692930_2319857735730599848_n.jpg?stp=dst-jpg_s150x150&_nc_ht=instagram.fblr24-2.fna.fbcdn.net&_nc_cat=110&_nc_ohc=x4dQ4pA6hUcAX_rYdLx&edm=AOG-cTkBAAAA&ccb=7-5&oh=00_AfDYHZ1mwi8oJOP7rQ6Py9DrpVsL29fUWDZm_Ueg9qKUGg&oe=6393BB8C&_nc_sid=282b66,false
